scope,cycle_label,team_rank,team_name,team_slug,team_class,ranking_total_points,team_total_points,sanction_points_total,ranking_url,source_url,scraped_at,is_placeholder_team_row,season_year,rider_name,rider_slug,team_rank_within_counted_list,points_counted,points_not_counted,sanction_points
current,,13,Cofidis,cofidis-2026,PRT,3173.7,3173.8,25.0,team/cofidis-2026/results/uci-world-teams,https://www.procyclingstats.com/team/cofidis-2026/results/uci-world-teams,2026-04-11T09:58:38.574751+00:00,False,2026,ARANBURU Alex,alex-aranburu,1,615.0,0.0,0.0
current,,13,Cofidis,cofidis-2026,PRT,3173.7,3173.8,25.0,team/cofidis-2026/results/uci-world-teams,https://www.procyclingstats.com/team/cofidis-2026/results/uci-world-teams,2026-04-11T09:58:38.574751+00:00,False,2026,IZAGIRRE Ion,ion-izagirre,2,578.3,0.0,0.0
current,,13,Cofidis,cofidis-2026,PRT,3173.7,3173.8,25.0,team/cofidis-2026/results/uci-world-teams,https://www.procyclingstats.com/team/cofidis-2026/results/uci-world-teams,2026-04-11T09:58:38.574751+00:00,False,2026,COQUARD Bryan,bryan-coquard,3,440.3,0.0,0.0
current,,13,Cofidis,cofidis-2026,PRT,3173.7,3173.8,25.0,team/cofidis-2026/results/uci-world-teams,https://www.procyclingstats.com/team/cofidis-2026/results/uci-world-teams,2026-04-11T09:58:38.574751+00:00,False,2026,ANIOŁKOWSKI Stanisław,stanislaw-aniolkowski,4,365.0,0.0,10.0
current,,13,Cofidis,cofidis-2026,PRT,3173.7,3173.8,25.0,team/cofidis-2026/results/uci-world-teams,https://www.procyclingstats.com/team/cofidis-2026/results/uci-world-teams,2026-04-11T09:58:38.574751+00:00,False,2026,FRETIN Milan,milan-fretin,5,235.3,0.0,0.0
current,,13,Cofidis,cofidis-2026,PRT,3173.7,3173.8,25.0,team/cofidis-2026/results/uci-world-teams,https://www.procyclingstats.com/team/cofidis-2026/results/uci-world-teams,2026-04-11T09:58:38.574751+00:00,False,2026,BIERMANS Jenthe,jenthe-biermans,6,232.0,0.0,0.0
current,,13,Cofidis,cofidis-2026,PRT,3173.7,3173.8,25.0,team/cofidis-2026/results/uci-world-teams,https://www.procyclingstats.com/team/cofidis-2026/results/uci-world-teams,2026-04-11T09:58:38.574751+00:00,False,2026,RENARD Alexis,alexis-renard,7,148.0,0.0,0.0
current,,13,Cofidis,cofidis-2026,PRT,3173.7,3173.8,25.0,team/cofidis-2026/results/uci-world-teams,https://www.procyclingstats.com/team/cofidis-2026/results/uci-world-teams,2026-04-11T09:58:38.574751+00:00,False,2026,IZQUIERDO Clément,clement-izquierdo,8,123.0,0.0,0.0
current,,13,Cofidis,cofidis-2026,PRT,3173.7,3173.8,25.0,team/cofidis-2026/results/uci-world-teams,https://www.procyclingstats.com/team/cofidis-2026/results/uci-world-teams,2026-04-11T09:58:38.574751+00:00,False,2026,TEUNS Dylan,dylan-teuns,9,74.0,0.0,0.0
current,,13,Cofidis,cofidis-2026,PRT,3173.7,3173.8,25.0,team/cofidis-2026/results/uci-world-teams,https://www.procyclingstats.com/team/cofidis-2026/results/uci-world-teams,2026-04-11T09:58:38.574751+00:00,False,2026,PAGE Hugo,hugo-page,10,62.0,0.0,0.0
current,,13,Cofidis,cofidis-2026,PRT,3173.7,3173.8,25.0,team/cofidis-2026/results/uci-world-teams,https://www.procyclingstats.com/team/cofidis-2026/results/uci-world-teams,2026-04-11T09:58:38.574751+00:00,False,2026,CARR Simon,simon-carr,11,61.0,0.0,15.0
current,,13,Cofidis,cofidis-2026,PRT,3173.7,3173.8,25.0,team/cofidis-2026/results/uci-world-teams,https://www.procyclingstats.com/team/cofidis-2026/results/uci-world-teams,2026-04-11T09:58:38.574751+00:00,False,2026,THOMAS Benjamin,benjamin-thomas-2,12,58.3,0.0,0.0
current,,13,Cofidis,cofidis-2026,PRT,3173.7,3173.8,25.0,team/cofidis-2026/results/uci-world-teams,https://www.procyclingstats.com/team/cofidis-2026/results/uci-world-teams,2026-04-11T09:58:38.574751+00:00,False,2026,FERRON Valentin,valentin-ferron,13,56.0,0.0,0.0
current,,13,Cofidis,cofidis-2026,PRT,3173.7,3173.8,25.0,team/cofidis-2026/results/uci-world-teams,https://www.procyclingstats.com/team/cofidis-2026/results/uci-world-teams,2026-04-11T09:58:38.574751+00:00,False,2026,ROULAND Louis,louis-rouland,14,46.3,0.0,0.0
current,,13,Cofidis,cofidis-2026,PRT,3173.7,3173.8,25.0,team/cofidis-2026/results/uci-world-teams,https://www.procyclingstats.com/team/cofidis-2026/results/uci-world-teams,2026-04-11T09:58:38.574751+00:00,False,2026,ZAMPERINI Edoardo,edoardo-zamperini,15,22.0,0.0,0.0
current,,13,Cofidis,cofidis-2026,PRT,3173.7,3173.8,25.0,team/cofidis-2026/results/uci-world-teams,https://www.procyclingstats.com/team/cofidis-2026/results/uci-world-teams,2026-04-11T09:58:38.574751+00:00,False,2026,KIRSCH Alex,alex-kirsch,16,19.3,0.0,0.0
current,,13,Cofidis,cofidis-2026,PRT,3173.7,3173.8,25.0,team/cofidis-2026/results/uci-world-teams,https://www.procyclingstats.com/team/cofidis-2026/results/uci-world-teams,2026-04-11T09:58:38.574751+00:00,False,2026,MONIQUET Sylvain,sylvain-moniquet,17,15.0,0.0,0.0
current,,13,Cofidis,cofidis-2026,PRT,3173.7,3173.8,25.0,team/cofidis-2026/results/uci-world-teams,https://www.procyclingstats.com/team/cofidis-2026/results/uci-world-teams,2026-04-11T09:58:38.574751+00:00,False,2026,MAISONOBE Sam,sam-maisonobe,18,11.0,0.0,0.0
current,,13,Cofidis,cofidis-2026,PRT,3173.7,3173.8,25.0,team/cofidis-2026/results/uci-world-teams,https://www.procyclingstats.com/team/cofidis-2026/results/uci-world-teams,2026-04-11T09:58:38.574751+00:00,False,2026,MEEHAN Jamie,jamie-meehan,19,9.0,0.0,0.0
current,,13,Cofidis,cofidis-2026,PRT,3173.7,3173.8,25.0,team/cofidis-2026/results/uci-world-teams,https://www.procyclingstats.com/team/cofidis-2026/results/uci-world-teams,2026-04-11T09:58:38.574751+00:00,False,2026,JOALLAND Yaël,yael-joalland,20,3.0,0.0,0.0
current,,13,Cofidis,cofidis-2026,PRT,3173.7,3173.8,25.0,team/cofidis-2026/results/uci-world-teams,https://www.procyclingstats.com/team/cofidis-2026/results/uci-world-teams,2026-04-11T09:58:38.574751+00:00,False,2026,ALLEGAERT Piet,piet-allegaert,21,0.0,0.3,0.0
current,,16,Pinarello Q36.5 Pro Cycling Team,pinarello-q365-pro-cycling-team-2026,PRT,2798.0,2798.0,0.0,team/pinarello-q365-pro-cycling-team-2026/results/uci-world-teams,https://www.procyclingstats.com/team/pinarello-q365-pro-cycling-team-2026/results/uci-world-teams,2026-04-11T09:58:38.574751+00:00,False,2026,PIDCOCK Thomas,thomas-pidcock,1,1361.0,0.0,0.0
current,,16,Pinarello Q36.5 Pro Cycling Team,pinarello-q365-pro-cycling-team-2026,PRT,2798.0,2798.0,0.0,team/pinarello-q365-pro-cycling-team-2026/results/uci-world-teams,https://www.procyclingstats.com/team/pinarello-q365-pro-cycling-team-2026/results/uci-world-teams,2026-04-11T09:58:38.574751+00:00,False,2026,DE GENDT Aimé,aime-de-gendt,2,433.0,0.0,0.0
current,,16,Pinarello Q36.5 Pro Cycling Team,pinarello-q365-pro-cycling-team-2026,PRT,2798.0,2798.0,0.0,team/pinarello-q365-pro-cycling-team-2026/results/uci-world-teams,https://www.procyclingstats.com/team/pinarello-q365-pro-cycling-team-2026/results/uci-world-teams,2026-04-11T09:58:38.574751+00:00,False,2026,MOSCHETTI Matteo,matteo-moschetti,3,146.0,0.0,0.0
current,,16,Pinarello Q36.5 Pro Cycling Team,pinarello-q365-pro-cycling-team-2026,PRT,2798.0,2798.0,0.0,team/pinarello-q365-pro-cycling-team-2026/results/uci-world-teams,https://www.procyclingstats.com/team/pinarello-q365-pro-cycling-team-2026/results/uci-world-teams,2026-04-11T09:58:38.574751+00:00,False,2026,HERMANS Quinten,quinten-hermans,4,141.0,0.0,0.0
current,,16,Pinarello Q36.5 Pro Cycling Team,pinarello-q365-pro-cycling-team-2026,PRT,2798.0,2798.0,0.0,team/pinarello-q365-pro-cycling-team-2026/results/uci-world-teams,https://www.procyclingstats.com/team/pinarello-q365-pro-cycling-team-2026/results/uci-world-teams,2026-04-11T09:58:38.574751+00:00,False,2026,VAN MOER Brent,brent-van-moer,5,106.0,0.0,0.0
current,,16,Pinarello Q36.5 Pro Cycling Team,pinarello-q365-pro-cycling-team-2026,PRT,2798.0,2798.0,0.0,team/pinarello-q365-pro-cycling-team-2026/results/uci-world-teams,https://www.procyclingstats.com/team/pinarello-q365-pro-cycling-team-2026/results/uci-world-teams,2026-04-11T09:58:38.574751+00:00,False,2026,DONOVAN Mark,mark-donovan,6,83.0,0.0,0.0
current,,16,Pinarello Q36.5 Pro Cycling Team,pinarello-q365-pro-cycling-team-2026,PRT,2798.0,2798.0,0.0,team/pinarello-q365-pro-cycling-team-2026/results/uci-world-teams,https://www.procyclingstats.com/team/pinarello-q365-pro-cycling-team-2026/results/uci-world-teams,2026-04-11T09:58:38.574751+00:00,False,2026,GLOAG Thomas,thomas-gloag,7,73.0,0.0,0.0
current,,16,Pinarello Q36.5 Pro Cycling Team,pinarello-q365-pro-cycling-team-2026,PRT,2798.0,2798.0,0.0,team/pinarello-q365-pro-cycling-team-2026/results/uci-world-teams,https://www.procyclingstats.com/team/pinarello-q365-pro-cycling-team-2026/results/uci-world-teams,2026-04-11T09:58:38.574751+00:00,False,2026,MAŁECKI Kamil,kamil-malecki,8,70.0,0.0,0.0
current,,16,Pinarello Q36.5 Pro Cycling Team,pinarello-q365-pro-cycling-team-2026,PRT,2798.0,2798.0,0.0,team/pinarello-q365-pro-cycling-team-2026/results/uci-world-teams,https://www.procyclingstats.com/team/pinarello-q365-pro-cycling-team-2026/results/uci-world-teams,2026-04-11T09:58:38.574751+00:00,False,2026,HARPER Chris,chris-harper,9,64.0,0.0,0.0
current,,16,Pinarello Q36.5 Pro Cycling Team,pinarello-q365-pro-cycling-team-2026,PRT,2798.0,2798.0,0.0,team/pinarello-q365-pro-cycling-team-2026/results/uci-world-teams,https://www.procyclingstats.com/team/pinarello-q365-pro-cycling-team-2026/results/uci-world-teams,2026-04-11T09:58:38.574751+00:00,False,2026,ZUKOWSKY Nickolas,nickolas-zukowsky,10,45.0,0.0,0.0
current,,16,Pinarello Q36.5 Pro Cycling Team,pinarello-q365-pro-cycling-team-2026,PRT,2798.0,2798.0,0.0,team/pinarello-q365-pro-cycling-team-2026/results/uci-world-teams,https://www.procyclingstats.com/team/pinarello-q365-pro-cycling-team-2026/results/uci-world-teams,2026-04-11T09:58:38.574751+00:00,False,2026,LIEPIŅŠ Emīls,emils-liepins,10,45.0,0.0,0.0
current,,16,Pinarello Q36.5 Pro Cycling Team,pinarello-q365-pro-cycling-team-2026,PRT,2798.0,2798.0,0.0,team/pinarello-q365-pro-cycling-team-2026/results/uci-world-teams,https://www.procyclingstats.com/team/pinarello-q365-pro-cycling-team-2026/results/uci-world-teams,2026-04-11T09:58:38.574751+00:00,False,2026,GONZÁLEZ David,david-gonzalez-lopez,12,39.0,0.0,0.0
current,,16,Pinarello Q36.5 Pro Cycling Team,pinarello-q365-pro-cycling-team-2026,PRT,2798.0,2798.0,0.0,team/pinarello-q365-pro-cycling-team-2026/results/uci-world-teams,https://www.procyclingstats.com/team/pinarello-q365-pro-cycling-team-2026/results/uci-world-teams,2026-04-11T09:58:38.574751+00:00,False,2026,VADER Milan,milan-vader,13,32.0,0.0,0.0
current,,16,Pinarello Q36.5 Pro Cycling Team,pinarello-q365-pro-cycling-team-2026,PRT,2798.0,2798.0,0.0,team/pinarello-q365-pro-cycling-team-2026/results/uci-world-teams,https://www.procyclingstats.com/team/pinarello-q365-pro-cycling-team-2026/results/uci-world-teams,2026-04-11T09:58:38.574751+00:00,False,2026,AZPARREN Xabier Mikel,xabier-mikel-azparren-irurzun,14,30.0,0.0,0.0
current,,16,Pinarello Q36.5 Pro Cycling Team,pinarello-q365-pro-cycling-team-2026,PRT,2798.0,2798.0,0.0,team/pinarello-q365-pro-cycling-team-2026/results/uci-world-teams,https://www.procyclingstats.com/team/pinarello-q365-pro-cycling-team-2026/results/uci-world-teams,2026-04-11T09:58:38.574751+00:00,False,2026,CAMPRUBÍ Marcel,marcel-camprubi,15,29.0,0.0,0.0
current,,16,Pinarello Q36.5 Pro Cycling Team,pinarello-q365-pro-cycling-team-2026,PRT,2798.0,2798.0,0.0,team/pinarello-q365-pro-cycling-team-2026/results/uci-world-teams,https://www.procyclingstats.com/team/pinarello-q365-pro-cycling-team-2026/results/uci-world-teams,2026-04-11T09:58:38.574751+00:00,False,2026,DUNBAR Eddie,edward-irl-dunbar,16,23.0,0.0,0.0
current,,16,Pinarello Q36.5 Pro Cycling Team,pinarello-q365-pro-cycling-team-2026,PRT,2798.0,2798.0,0.0,team/pinarello-q365-pro-cycling-team-2026/results/uci-world-teams,https://www.procyclingstats.com/team/pinarello-q365-pro-cycling-team-2026/results/uci-world-teams,2026-04-11T09:58:38.574751+00:00,False,2026,VANHOUCKE Harm,harm-vanhoucke,17,21.0,0.0,0.0
current,,16,Pinarello Q36.5 Pro Cycling Team,pinarello-q365-pro-cycling-team-2026,PRT,2798.0,2798.0,0.0,team/pinarello-q365-pro-cycling-team-2026/results/uci-world-teams,https://www.procyclingstats.com/team/pinarello-q365-pro-cycling-team-2026/results/uci-world-teams,2026-04-11T09:58:38.574751+00:00,False,2026,HOWSON Damien,damien-howson,18,20.0,0.0,0.0
current,,16,Pinarello Q36.5 Pro Cycling Team,pinarello-q365-pro-cycling-team-2026,PRT,2798.0,2798.0,0.0,team/pinarello-q365-pro-cycling-team-2026/results/uci-world-teams,https://www.procyclingstats.com/team/pinarello-q365-pro-cycling-team-2026/results/uci-world-teams,2026-04-11T09:58:38.574751+00:00,False,2026,WRIGHT Fred,alfred-wright,18,20.0,0.0,0.0
current,,16,Pinarello Q36.5 Pro Cycling Team,pinarello-q365-pro-cycling-team-2026,PRT,2798.0,2798.0,0.0,team/pinarello-q365-pro-cycling-team-2026/results/uci-world-teams,https://www.procyclingstats.com/team/pinarello-q365-pro-cycling-team-2026/results/uci-world-teams,2026-04-11T09:58:38.574751+00:00,False,2026,HOUCOU Emmanuel,emmanuel-houcou,20,17.0,0.0,0.0
current,,16,Pinarello Q36.5 Pro Cycling Team,pinarello-q365-pro-cycling-team-2026,PRT,2798.0,2798.0,0.0,team/pinarello-q365-pro-cycling-team-2026/results/uci-world-teams,https://www.procyclingstats.com/team/pinarello-q365-pro-cycling-team-2026/results/uci-world-teams,2026-04-11T09:58:38.574751+00:00,False,2026,CHRISTEN Fabio,fabio-christen,21,0.0,16.0,0.0
current,,16,Pinarello Q36.5 Pro Cycling Team,pinarello-q365-pro-cycling-team-2026,PRT,2798.0,2798.0,0.0,team/pinarello-q365-pro-cycling-team-2026/results/uci-world-teams,https://www.procyclingstats.com/team/pinarello-q365-pro-cycling-team-2026/results/uci-world-teams,2026-04-11T09:58:38.574751+00:00,False,2026,CALZONI Walter,walter-calzoni,22,0.0,14.0,0.0
current,,16,Pinarello Q36.5 Pro Cycling Team,pinarello-q365-pro-cycling-team-2026,PRT,2798.0,2798.0,0.0,team/pinarello-q365-pro-cycling-team-2026/results/uci-world-teams,https://www.procyclingstats.com/team/pinarello-q365-pro-cycling-team-2026/results/uci-world-teams,2026-04-11T09:58:38.574751+00:00,False,2026,FRISON Frederik,frederik-frison,23,0.0,13.0,0.0
current,,16,Pinarello Q36.5 Pro Cycling Team,pinarello-q365-pro-cycling-team-2026,PRT,2798.0,2798.0,0.0,team/pinarello-q365-pro-cycling-team-2026/results/uci-world-teams,https://www.procyclingstats.com/team/pinarello-q365-pro-cycling-team-2026/results/uci-world-teams,2026-04-11T09:58:38.574751+00:00,False,2026,BENNETT Sam,sam-bennett,24,0.0,10.0,0.0
current,,16,Pinarello Q36.5 Pro Cycling Team,pinarello-q365-pro-cycling-team-2026,PRT,2798.0,2798.0,0.0,team/pinarello-q365-pro-cycling-team-2026/results/uci-world-teams,https://www.procyclingstats.com/team/pinarello-q365-pro-cycling-team-2026/results/uci-world-teams,2026-04-11T09:58:38.574751+00:00,False,2026,MEURISSE Xandro,xandro-meurisse,24,0.0,10.0,0.0
current,,16,Pinarello Q36.5 Pro Cycling Team,pinarello-q365-pro-cycling-team-2026,PRT,2798.0,2798.0,0.0,team/pinarello-q365-pro-cycling-team-2026/results/uci-world-teams,https://www.procyclingstats.com/team/pinarello-q365-pro-cycling-team-2026/results/uci-world-teams,2026-04-11T09:58:38.574751+00:00,False,2026,PARISINI Nicolò,nicolo-parisini,24,0.0,10.0,0.0
current,,16,Pinarello Q36.5 Pro Cycling Team,pinarello-q365-pro-cycling-team-2026,PRT,2798.0,2798.0,0.0,team/pinarello-q365-pro-cycling-team-2026/results/uci-world-teams,https://www.procyclingstats.com/team/pinarello-q365-pro-cycling-team-2026/results/uci-world-teams,2026-04-11T09:58:38.574751+00:00,False,2026,BAX Sjoerd,sjoerd-bax,27,0.0,5.0,0.0
current,,16,Pinarello Q36.5 Pro Cycling Team,pinarello-q365-pro-cycling-team-2026,PRT,2798.0,2798.0,0.0,team/pinarello-q365-pro-cycling-team-2026/results/uci-world-teams,https://www.procyclingstats.com/team/pinarello-q365-pro-cycling-team-2026/results/uci-world-teams,2026-04-11T09:58:38.574751+00:00,False,2026,DE LA CRUZ David,david-de-la-cruz,28,0.0,3.0,0.0
current,,16,Pinarello Q36.5 Pro Cycling Team,pinarello-q365-pro-cycling-team-2026,PRT,2798.0,2798.0,0.0,team/pinarello-q365-pro-cycling-team-2026/results/uci-world-teams,https://www.procyclingstats.com/team/pinarello-q365-pro-cycling-team-2026/results/uci-world-teams,2026-04-11T09:58:38.574751+00:00,False,2026,PIDCOCK Joseph,joseph-pidcock,28,0.0,3.0,0.0
current,,17,Unibet Rose Rockets,unibet-rose-rockets-2026,PRT,2751.0,2751.0,0.0,team/unibet-rose-rockets-2026/results/uci-world-teams,https://www.procyclingstats.com/team/unibet-rose-rockets-2026/results/uci-world-teams,2026-04-11T09:58:38.574751+00:00,False,2026,GROENEWEGEN Dylan,dylan-groenewegen,1,1080.0,0.0,0.0
current,,17,Unibet Rose Rockets,unibet-rose-rockets-2026,PRT,2751.0,2751.0,0.0,team/unibet-rose-rockets-2026/results/uci-world-teams,https://www.procyclingstats.com/team/unibet-rose-rockets-2026/results/uci-world-teams,2026-04-11T09:58:38.574751+00:00,False,2026,VENTURINI Clément,clement-venturini,2,390.0,0.0,0.0
current,,17,Unibet Rose Rockets,unibet-rose-rockets-2026,PRT,2751.0,2751.0,0.0,team/unibet-rose-rockets-2026/results/uci-world-teams,https://www.procyclingstats.com/team/unibet-rose-rockets-2026/results/uci-world-teams,2026-04-11T09:58:38.574751+00:00,False,2026,KUBIŠ Lukáš,lukas-kubis,3,382.0,0.0,0.0
current,,17,Unibet Rose Rockets,unibet-rose-rockets-2026,PRT,2751.0,2751.0,0.0,team/unibet-rose-rockets-2026/results/uci-world-teams,https://www.procyclingstats.com/team/unibet-rose-rockets-2026/results/uci-world-teams,2026-04-11T09:58:38.574751+00:00,False,2026,LOOCKX Lander,lander-loockx,4,209.0,0.0,0.0
current,,17,Unibet Rose Rockets,unibet-rose-rockets-2026,PRT,2751.0,2751.0,0.0,team/unibet-rose-rockets-2026/results/uci-world-teams,https://www.procyclingstats.com/team/unibet-rose-rockets-2026/results/uci-world-teams,2026-04-11T09:58:38.574751+00:00,False,2026,JOHANNINK Jelle,jelle-johannink,5,181.0,0.0,0.0
current,,17,Unibet Rose Rockets,unibet-rose-rockets-2026,PRT,2751.0,2751.0,0.0,team/unibet-rose-rockets-2026/results/uci-world-teams,https://www.procyclingstats.com/team/unibet-rose-rockets-2026/results/uci-world-teams,2026-04-11T09:58:38.574751+00:00,False,2026,REINDERS Elmar,elmar-reinders,6,96.0,0.0,0.0
current,,17,Unibet Rose Rockets,unibet-rose-rockets-2026,PRT,2751.0,2751.0,0.0,team/unibet-rose-rockets-2026/results/uci-world-teams,https://www.procyclingstats.com/team/unibet-rose-rockets-2026/results/uci-world-teams,2026-04-11T09:58:38.574751+00:00,False,2026,KOPECKÝ Matyáš,matyas-kopecky,6,96.0,0.0,0.0
current,,17,Unibet Rose Rockets,unibet-rose-rockets-2026,PRT,2751.0,2751.0,0.0,team/unibet-rose-rockets-2026/results/uci-world-teams,https://www.procyclingstats.com/team/unibet-rose-rockets-2026/results/uci-world-teams,2026-04-11T09:58:38.574751+00:00,False,2026,LARSEN Niklas,niklas-larsen,8,87.0,0.0,0.0
current,,17,Unibet Rose Rockets,unibet-rose-rockets-2026,PRT,2751.0,2751.0,0.0,team/unibet-rose-rockets-2026/results/uci-world-teams,https://www.procyclingstats.com/team/unibet-rose-rockets-2026/results/uci-world-teams,2026-04-11T09:58:38.574751+00:00,False,2026,POELS Wout,wout-poels,9,50.0,0.0,0.0
current,,17,Unibet Rose Rockets,unibet-rose-rockets-2026,PRT,2751.0,2751.0,0.0,team/unibet-rose-rockets-2026/results/uci-world-teams,https://www.procyclingstats.com/team/unibet-rose-rockets-2026/results/uci-world-teams,2026-04-11T09:58:38.574751+00:00,False,2026,MOURIS Wessel,wessel-mouris,10,41.0,0.0,0.0
current,,17,Unibet Rose Rockets,unibet-rose-rockets-2026,PRT,2751.0,2751.0,0.0,team/unibet-rose-rockets-2026/results/uci-world-teams,https://www.procyclingstats.com/team/unibet-rose-rockets-2026/results/uci-world-teams,2026-04-11T09:58:38.574751+00:00,False,2026,DE VRIES Hartthijs,hartthijs-de-vries,11,28.0,0.0,0.0
current,,17,Unibet Rose Rockets,unibet-rose-rockets-2026,PRT,2751.0,2751.0,0.0,team/unibet-rose-rockets-2026/results/uci-world-teams,https://www.procyclingstats.com/team/unibet-rose-rockets-2026/results/uci-world-teams,2026-04-11T09:58:38.574751+00:00,False,2026,MERIS Sergio,sergio-meris,12,26.0,0.0,0.0
current,,17,Unibet Rose Rockets,unibet-rose-rockets-2026,PRT,2751.0,2751.0,0.0,team/unibet-rose-rockets-2026/results/uci-world-teams,https://www.procyclingstats.com/team/unibet-rose-rockets-2026/results/uci-world-teams,2026-04-11T09:58:38.574751+00:00,False,2026,CHRISTOPHERSEN Cedrik Bakke,cedrik-bakke-christophersen,13,23.0,0.0,0.0
current,,17,Unibet Rose Rockets,unibet-rose-rockets-2026,PRT,2751.0,2751.0,0.0,team/unibet-rose-rockets-2026/results/uci-world-teams,https://www.procyclingstats.com/team/unibet-rose-rockets-2026/results/uci-world-teams,2026-04-11T09:58:38.574751+00:00,False,2026,KOPECKÝ Tomáš,tomas-kopecky,14,13.0,0.0,0.0
current,,17,Unibet Rose Rockets,unibet-rose-rockets-2026,PRT,2751.0,2751.0,0.0,team/unibet-rose-rockets-2026/results/uci-world-teams,https://www.procyclingstats.com/team/unibet-rose-rockets-2026/results/uci-world-teams,2026-04-11T09:58:38.574751+00:00,False,2026,FELDMANN Karsten Larsen,karsten-larsen-feldmann,14,13.0,0.0,0.0
current,,17,Unibet Rose Rockets,unibet-rose-rockets-2026,PRT,2751.0,2751.0,0.0,team/unibet-rose-rockets-2026/results/uci-world-teams,https://www.procyclingstats.com/team/unibet-rose-rockets-2026/results/uci-world-teams,2026-04-11T09:58:38.574751+00:00,False,2026,VERSCHUREN Killian,killian-verschuren,16,12.0,0.0,0.0
current,,17,Unibet Rose Rockets,unibet-rose-rockets-2026,PRT,2751.0,2751.0,0.0,team/unibet-rose-rockets-2026/results/uci-world-teams,https://www.procyclingstats.com/team/unibet-rose-rockets-2026/results/uci-world-teams,2026-04-11T09:58:38.574751+00:00,False,2026,PETER Jannis,jannis-peter,17,9.0,0.0,0.0
current,,17,Unibet Rose Rockets,unibet-rose-rockets-2026,PRT,2751.0,2751.0,0.0,team/unibet-rose-rockets-2026/results/uci-world-teams,https://www.procyclingstats.com/team/unibet-rose-rockets-2026/results/uci-world-teams,2026-04-11T09:58:38.574751+00:00,False,2026,RASENBERG Martijn,martijn-rasenberg,18,6.0,0.0,0.0
current,,17,Unibet Rose Rockets,unibet-rose-rockets-2026,PRT,2751.0,2751.0,0.0,team/unibet-rose-rockets-2026/results/uci-world-teams,https://www.procyclingstats.com/team/unibet-rose-rockets-2026/results/uci-world-teams,2026-04-11T09:58:38.574751+00:00,False,2026,TOWNSEND Rory,rory-townsend,19,5.0,0.0,0.0
current,,17,Unibet Rose Rockets,unibet-rose-rockets-2026,PRT,2751.0,2751.0,0.0,team/unibet-rose-rockets-2026/results/uci-world-teams,https://www.procyclingstats.com/team/unibet-rose-rockets-2026/results/uci-world-teams,2026-04-11T09:58:38.574751+00:00,False,2026,MÜLLER Tobias,tobias-muller1,20,4.0,0.0,0.0
current,,17,Unibet Rose Rockets,unibet-rose-rockets-2026,PRT,2751.0,2751.0,0.0,team/unibet-rose-rockets-2026/results/uci-world-teams,https://www.procyclingstats.com/team/unibet-rose-rockets-2026/results/uci-world-teams,2026-04-11T09:58:38.574751+00:00,False,2026,EIKING Odd Christian,odd-christian-eiking,21,0.0,3.0,0.0
current,,18,Tudor Pro Cycling Team,tudor-pro-cycling-team-2026,PRT,2742.0,2741.7,0.0,team/tudor-pro-cycling-team-2026/results/uci-world-teams,https://www.procyclingstats.com/team/tudor-pro-cycling-team-2026/results/uci-world-teams,2026-04-11T09:58:38.574751+00:00,False,2026,TRENTIN Matteo,matteo-trentin,1,613.1,0.0,0.0
current,,18,Tudor Pro Cycling Team,tudor-pro-cycling-team-2026,PRT,2742.0,2741.7,0.0,team/tudor-pro-cycling-team-2026/results/uci-world-teams,https://www.procyclingstats.com/team/tudor-pro-cycling-team-2026/results/uci-world-teams,2026-04-11T09:58:38.574751+00:00,False,2026,MOZZATO Luca,luca-mozzato,2,575.0,0.0,0.0
current,,18,Tudor Pro Cycling Team,tudor-pro-cycling-team-2026,PRT,2742.0,2741.7,0.0,team/tudor-pro-cycling-team-2026/results/uci-world-teams,https://www.procyclingstats.com/team/tudor-pro-cycling-team-2026/results/uci-world-teams,2026-04-11T09:58:38.574751+00:00,False,2026,BRENNER Marco,marco-brenner,3,367.0,0.0,0.0
current,,18,Tudor Pro Cycling Team,tudor-pro-cycling-team-2026,PRT,2742.0,2741.7,0.0,team/tudor-pro-cycling-team-2026/results/uci-world-teams,https://www.procyclingstats.com/team/tudor-pro-cycling-team-2026/results/uci-world-teams,2026-04-11T09:58:38.574751+00:00,False,2026,RONDEL Mathys,mathys-rondel,4,350.1,0.0,0.0
current,,18,Tudor Pro Cycling Team,tudor-pro-cycling-team-2026,PRT,2742.0,2741.7,0.0,team/tudor-pro-cycling-team-2026/results/uci-world-teams,https://www.procyclingstats.com/team/tudor-pro-cycling-team-2026/results/uci-world-teams,2026-04-11T09:58:38.574751+00:00,False,2026,VOISARD Yannis,yannis-voisard,5,161.0,0.0,0.0
current,,18,Tudor Pro Cycling Team,tudor-pro-cycling-team-2026,PRT,2742.0,2741.7,0.0,team/tudor-pro-cycling-team-2026/results/uci-world-teams,https://www.procyclingstats.com/team/tudor-pro-cycling-team-2026/results/uci-world-teams,2026-04-11T09:58:38.574751+00:00,False,2026,PLUIMERS Rick,rick-pluimers,6,147.1,0.0,0.0
current,,18,Tudor Pro Cycling Team,tudor-pro-cycling-team-2026,PRT,2742.0,2741.7,0.0,team/tudor-pro-cycling-team-2026/results/uci-world-teams,https://www.procyclingstats.com/team/tudor-pro-cycling-team-2026/results/uci-world-teams,2026-04-11T09:58:38.574751+00:00,False,2026,STORER Michael,michael-storer,7,142.0,0.0,0.0
current,,18,Tudor Pro Cycling Team,tudor-pro-cycling-team-2026,PRT,2742.0,2741.7,0.0,team/tudor-pro-cycling-team-2026/results/uci-world-teams,https://www.procyclingstats.com/team/tudor-pro-cycling-team-2026/results/uci-world-teams,2026-04-11T09:58:38.574751+00:00,False,2026,HIRSCHI Marc,marc-hirschi,8,95.0,0.0,0.0
current,,18,Tudor Pro Cycling Team,tudor-pro-cycling-team-2026,PRT,2742.0,2741.7,0.0,team/tudor-pro-cycling-team-2026/results/uci-world-teams,https://www.procyclingstats.com/team/tudor-pro-cycling-team-2026/results/uci-world-teams,2026-04-11T09:58:38.574751+00:00,False,2026,ALAPHILIPPE Julian,julian-alaphilippe,9,61.0,0.0,0.0
current,,18,Tudor Pro Cycling Team,tudor-pro-cycling-team-2026,PRT,2742.0,2741.7,0.0,team/tudor-pro-cycling-team-2026/results/uci-world-teams,https://www.procyclingstats.com/team/tudor-pro-cycling-team-2026/results/uci-world-teams,2026-04-11T09:58:38.574751+00:00,False,2026,BARTA Will,william-barta,10,44.0,0.0,0.0
current,,18,Tudor Pro Cycling Team,tudor-pro-cycling-team-2026,PRT,2742.0,2741.7,0.0,team/tudor-pro-cycling-team-2026/results/uci-world-teams,https://www.procyclingstats.com/team/tudor-pro-cycling-team-2026/results/uci-world-teams,2026-04-11T09:58:38.574751+00:00,False,2026,FROIDEVAUX Robin,robin-froidevaux,11,39.0,0.0,0.0
current,,18,Tudor Pro Cycling Team,tudor-pro-cycling-team-2026,PRT,2742.0,2741.7,0.0,team/tudor-pro-cycling-team-2026/results/uci-world-teams,https://www.procyclingstats.com/team/tudor-pro-cycling-team-2026/results/uci-world-teams,2026-04-11T09:58:38.574751+00:00,False,2026,STORK Florian,florian-stork,12,37.0,0.0,0.0
current,,18,Tudor Pro Cycling Team,tudor-pro-cycling-team-2026,PRT,2742.0,2741.7,0.0,team/tudor-pro-cycling-team-2026/results/uci-world-teams,https://www.procyclingstats.com/team/tudor-pro-cycling-team-2026/results/uci-world-teams,2026-04-11T09:58:38.574751+00:00,False,2026,HALLER Marco,marco-haller,13,30.1,0.0,0.0
current,,18,Tudor Pro Cycling Team,tudor-pro-cycling-team-2026,PRT,2742.0,2741.7,0.0,team/tudor-pro-cycling-team-2026/results/uci-world-teams,https://www.procyclingstats.com/team/tudor-pro-cycling-team-2026/results/uci-world-teams,2026-04-11T09:58:38.574751+00:00,False,2026,KOLZE CHANGIZI Sebastian,sebastian-kolze-changizi,14,30.0,0.0,0.0
current,,18,Tudor Pro Cycling Team,tudor-pro-cycling-team-2026,PRT,2742.0,2741.7,0.0,team/tudor-pro-cycling-team-2026/results/uci-world-teams,https://www.procyclingstats.com/team/tudor-pro-cycling-team-2026/results/uci-world-teams,2026-04-11T09:58:38.574751+00:00,False,2026,KÜNG Stefan,stefan-kung,15,10.1,0.0,0.0
current,,18,Tudor Pro Cycling Team,tudor-pro-cycling-team-2026,PRT,2742.0,2741.7,0.0,team/tudor-pro-cycling-team-2026/results/uci-world-teams,https://www.procyclingstats.com/team/tudor-pro-cycling-team-2026/results/uci-world-teams,2026-04-11T09:58:38.574751+00:00,False,2026,WILKSCH Hannes,hannes-wilksch,16,10.0,0.0,0.0
current,,18,Tudor Pro Cycling Team,tudor-pro-cycling-team-2026,PRT,2742.0,2741.7,0.0,team/tudor-pro-cycling-team-2026/results/uci-world-teams,https://www.procyclingstats.com/team/tudor-pro-cycling-team-2026/results/uci-world-teams,2026-04-11T09:58:38.574751+00:00,False,2026,ZIJLAARD Maikel,maikel-zijlaard,16,10.0,0.0,0.0
current,,18,Tudor Pro Cycling Team,tudor-pro-cycling-team-2026,PRT,2742.0,2741.7,0.0,team/tudor-pro-cycling-team-2026/results/uci-world-teams,https://www.procyclingstats.com/team/tudor-pro-cycling-team-2026/results/uci-world-teams,2026-04-11T09:58:38.574751+00:00,False,2026,KLUCKERS Arthur,arthur-kluckers,18,7.1,0.0,0.0
current,,18,Tudor Pro Cycling Team,tudor-pro-cycling-team-2026,PRT,2742.0,2741.7,0.0,team/tudor-pro-cycling-team-2026/results/uci-world-teams,https://www.procyclingstats.com/team/tudor-pro-cycling-team-2026/results/uci-world-teams,2026-04-11T09:58:38.574751+00:00,False,2026,WEISS Fabian,fabian-weiss,18,7.1,0.0,0.0
current,,18,Tudor Pro Cycling Team,tudor-pro-cycling-team-2026,PRT,2742.0,2741.7,0.0,team/tudor-pro-cycling-team-2026/results/uci-world-teams,https://www.procyclingstats.com/team/tudor-pro-cycling-team-2026/results/uci-world-teams,2026-04-11T09:58:38.574751+00:00,False,2026,MIKUTIS Aivaras,aivaras-mikutis,20,6.0,0.0,0.0
current,,18,Tudor Pro Cycling Team,tudor-pro-cycling-team-2026,PRT,2742.0,2741.7,0.0,team/tudor-pro-cycling-team-2026/results/uci-world-teams,https://www.procyclingstats.com/team/tudor-pro-cycling-team-2026/results/uci-world-teams,2026-04-11T09:58:38.574751+00:00,False,2026,WARBASSE Larry,lawrence-warbasse,21,0.0,5.0,0.0
current,,18,Tudor Pro Cycling Team,tudor-pro-cycling-team-2026,PRT,2742.0,2741.7,0.0,team/tudor-pro-cycling-team-2026/results/uci-world-teams,https://www.procyclingstats.com/team/tudor-pro-cycling-team-2026/results/uci-world-teams,2026-04-11T09:58:38.574751+00:00,False,2026,KELEMEN Petr,petr-kelemen,22,0.0,3.0,0.0
current,,18,Tudor Pro Cycling Team,tudor-pro-cycling-team-2026,PRT,2742.0,2741.7,0.0,team/tudor-pro-cycling-team-2026/results/uci-world-teams,https://www.procyclingstats.com/team/tudor-pro-cycling-team-2026/results/uci-world-teams,2026-04-11T09:58:38.574751+00:00,False,2026,DONZÉ Robin,robin-donze,22,0.0,3.0,0.0
current,,22,TotalEnergies,totalenergies-2026,PRT,1823.7,1823.5,0.0,team/totalenergies-2026/results/uci-world-teams,https://www.procyclingstats.com/team/totalenergies-2026/results/uci-world-teams,2026-04-11T09:58:38.574751+00:00,False,2026,TURGIS Anthony,anthony-turgis,1,380.1,0.0,0.0
current,,22,TotalEnergies,totalenergies-2026,PRT,1823.7,1823.5,0.0,team/totalenergies-2026/results/uci-world-teams,https://www.procyclingstats.com/team/totalenergies-2026/results/uci-world-teams,2026-04-11T09:58:38.574751+00:00,False,2026,JEANNIÈRE Emilien,emilien-jeanniere,2,378.0,0.0,0.0
current,,22,TotalEnergies,totalenergies-2026,PRT,1823.7,1823.5,0.0,team/totalenergies-2026/results/uci-world-teams,https://www.procyclingstats.com/team/totalenergies-2026/results/uci-world-teams,2026-04-11T09:58:38.574751+00:00,False,2026,TESSON Jason,jason-tesson,3,192.0,0.0,0.0
current,,22,TotalEnergies,totalenergies-2026,PRT,1823.7,1823.5,0.0,team/totalenergies-2026/results/uci-world-teams,https://www.procyclingstats.com/team/totalenergies-2026/results/uci-world-teams,2026-04-11T09:58:38.574751+00:00,False,2026,DELETTRE Alexandre,alexandre-delettre,4,178.0,0.0,0.0
current,,22,TotalEnergies,totalenergies-2026,PRT,1823.7,1823.5,0.0,team/totalenergies-2026/results/uci-world-teams,https://www.procyclingstats.com/team/totalenergies-2026/results/uci-world-teams,2026-04-11T09:58:38.574751+00:00,False,2026,VERCHER Mattéo,matheo-vercher,5,175.0,0.0,0.0
current,,22,TotalEnergies,totalenergies-2026,PRT,1823.7,1823.5,0.0,team/totalenergies-2026/results/uci-world-teams,https://www.procyclingstats.com/team/totalenergies-2026/results/uci-world-teams,2026-04-11T09:58:38.574751+00:00,False,2026,BONNET Thomas,thomas-bonnet,6,94.1,0.0,0.0
current,,22,TotalEnergies,totalenergies-2026,PRT,1823.7,1823.5,0.0,team/totalenergies-2026/results/uci-world-teams,https://www.procyclingstats.com/team/totalenergies-2026/results/uci-world-teams,2026-04-11T09:58:38.574751+00:00,False,2026,DUJARDIN Sandy,sandy-dujardin,7,86.0,0.0,0.0
current,,22,TotalEnergies,totalenergies-2026,PRT,1823.7,1823.5,0.0,team/totalenergies-2026/results/uci-world-teams,https://www.procyclingstats.com/team/totalenergies-2026/results/uci-world-teams,2026-04-11T09:58:38.574751+00:00,False,2026,BREUILLARD Nicolas,nicolas-breuillard,8,78.1,0.0,0.0
current,,22,TotalEnergies,totalenergies-2026,PRT,1823.7,1823.5,0.0,team/totalenergies-2026/results/uci-world-teams,https://www.procyclingstats.com/team/totalenergies-2026/results/uci-world-teams,2026-04-11T09:58:38.574751+00:00,False,2026,LE BERRE Mathis,mathis-le-berre,9,47.0,0.0,0.0
current,,22,TotalEnergies,totalenergies-2026,PRT,1823.7,1823.5,0.0,team/totalenergies-2026/results/uci-world-teams,https://www.procyclingstats.com/team/totalenergies-2026/results/uci-world-teams,2026-04-11T09:58:38.574751+00:00,False,2026,DAUPHIN Florian,florian-dauphin,10,40.0,0.0,0.0
current,,22,TotalEnergies,totalenergies-2026,PRT,1823.7,1823.5,0.0,team/totalenergies-2026/results/uci-world-teams,https://www.procyclingstats.com/team/totalenergies-2026/results/uci-world-teams,2026-04-11T09:58:38.574751+00:00,False,2026,DELBOVE Joris,joris-delbove,11,36.0,0.0,0.0
current,,22,TotalEnergies,totalenergies-2026,PRT,1823.7,1823.5,0.0,team/totalenergies-2026/results/uci-world-teams,https://www.procyclingstats.com/team/totalenergies-2026/results/uci-world-teams,2026-04-11T09:58:38.574751+00:00,False,2026,GACHIGNARD Thomas,thomas-gachignard,12,28.0,0.0,0.0
current,,22,TotalEnergies,totalenergies-2026,PRT,1823.7,1823.5,0.0,team/totalenergies-2026/results/uci-world-teams,https://www.procyclingstats.com/team/totalenergies-2026/results/uci-world-teams,2026-04-11T09:58:38.574751+00:00,False,2026,BURGAUDEAU Mathieu,mathieu-burgaudeau,12,28.0,0.0,0.0
current,,22,TotalEnergies,totalenergies-2026,PRT,1823.7,1823.5,0.0,team/totalenergies-2026/results/uci-world-teams,https://www.procyclingstats.com/team/totalenergies-2026/results/uci-world-teams,2026-04-11T09:58:38.574751+00:00,False,2026,BOULAHOITE Rayan,rayan-boulahoite,14,22.0,0.0,0.0
current,,22,TotalEnergies,totalenergies-2026,PRT,1823.7,1823.5,0.0,team/totalenergies-2026/results/uci-world-teams,https://www.procyclingstats.com/team/totalenergies-2026/results/uci-world-teams,2026-04-11T09:58:38.574751+00:00,False,2026,VADIC Baptiste,baptiste-vadic,15,13.1,0.0,0.0
current,,22,TotalEnergies,totalenergies-2026,PRT,1823.7,1823.5,0.0,team/totalenergies-2026/results/uci-world-teams,https://www.procyclingstats.com/team/totalenergies-2026/results/uci-world-teams,2026-04-11T09:58:38.574751+00:00,False,2026,BOUCHARD Geoffrey,geoffrey-bouchard,16,12.0,0.0,0.0
current,,22,TotalEnergies,totalenergies-2026,PRT,1823.7,1823.5,0.0,team/totalenergies-2026/results/uci-world-teams,https://www.procyclingstats.com/team/totalenergies-2026/results/uci-world-teams,2026-04-11T09:58:38.574751+00:00,False,2026,DOUBEY Fabien,fabien-doubey,17,11.0,0.0,0.0
current,,22,TotalEnergies,totalenergies-2026,PRT,1823.7,1823.5,0.0,team/totalenergies-2026/results/uci-world-teams,https://www.procyclingstats.com/team/totalenergies-2026/results/uci-world-teams,2026-04-11T09:58:38.574751+00:00,False,2026,MANZIN Lorrenzo,lorrenzo-manzin,18,9.0,0.0,0.0
current,,22,TotalEnergies,totalenergies-2026,PRT,1823.7,1823.5,0.0,team/totalenergies-2026/results/uci-world-teams,https://www.procyclingstats.com/team/totalenergies-2026/results/uci-world-teams,2026-04-11T09:58:38.574751+00:00,False,2026,LEROUX Samuel,samuel-leroux,19,8.1,0.0,0.0
current,,22,TotalEnergies,totalenergies-2026,PRT,1823.7,1823.5,0.0,team/totalenergies-2026/results/uci-world-teams,https://www.procyclingstats.com/team/totalenergies-2026/results/uci-world-teams,2026-04-11T09:58:38.574751+00:00,False,2026,RETAILLEAU Valentin,valentin-retailleau,20,8.0,0.0,0.0
current,,22,TotalEnergies,totalenergies-2026,PRT,1823.7,1823.5,0.0,team/totalenergies-2026/results/uci-world-teams,https://www.procyclingstats.com/team/totalenergies-2026/results/uci-world-teams,2026-04-11T09:58:38.574751+00:00,False,2026,LÉVÊQUE Theo,theo-leveque,21,0.0,3.0,0.0
current,,22,TotalEnergies,totalenergies-2026,PRT,1823.7,1823.5,0.0,team/totalenergies-2026/results/uci-world-teams,https://www.procyclingstats.com/team/totalenergies-2026/results/uci-world-teams,2026-04-11T09:58:38.574751+00:00,False,2026,THIERRY Pierre,pierre-thierry,21,0.0,3.0,0.0
current,,22,TotalEnergies,totalenergies-2026,PRT,1823.7,1823.5,0.0,team/totalenergies-2026/results/uci-world-teams,https://www.procyclingstats.com/team/totalenergies-2026/results/uci-world-teams,2026-04-11T09:58:38.574751+00:00,False,2026,JOUSSEAUME Alan,alan-jousseaume,23,0.0,2.1,0.0
current,,22,TotalEnergies,totalenergies-2026,PRT,1823.7,1823.5,0.0,team/totalenergies-2026/results/uci-world-teams,https://www.procyclingstats.com/team/totalenergies-2026/results/uci-world-teams,2026-04-11T09:58:38.574751+00:00,False,2026,BRUNEL Alexys,alexys-brunel,23,0.0,2.1,0.0
current,,23,Burgos Burpellet BH,burgos-burpellet-bh-2026,PRT,1516.9,1123.8,0.0,team/burgos-burpellet-bh-2026/results/uci-world-teams,https://www.procyclingstats.com/team/burgos-burpellet-bh-2026/results/uci-world-teams,2026-04-11T09:58:38.574751+00:00,False,2026,MACÍAS César,cesar-macias-estrada,1,231.4,0.0,0.0
current,,23,Burgos Burpellet BH,burgos-burpellet-bh-2026,PRT,1516.9,1123.8,0.0,team/burgos-burpellet-bh-2026/results/uci-world-teams,https://www.procyclingstats.com/team/burgos-burpellet-bh-2026/results/uci-world-teams,2026-04-11T09:58:38.574751+00:00,False,2026,FAGÚNDEZ Eric Antonio,eric-antonio-fagundez,2,160.4,0.0,0.0
current,,23,Burgos Burpellet BH,burgos-burpellet-bh-2026,PRT,1516.9,1123.8,0.0,team/burgos-burpellet-bh-2026/results/uci-world-teams,https://www.procyclingstats.com/team/burgos-burpellet-bh-2026/results/uci-world-teams,2026-04-11T09:58:38.574751+00:00,False,2026,DÍAZ José Manuel,jose-manuel-diaz-gallego,3,153.4,0.0,0.0
current,,23,Burgos Burpellet BH,burgos-burpellet-bh-2026,PRT,1516.9,1123.8,0.0,team/burgos-burpellet-bh-2026/results/uci-world-teams,https://www.procyclingstats.com/team/burgos-burpellet-bh-2026/results/uci-world-teams,2026-04-11T09:58:38.574751+00:00,False,2026,SAINBAYAR Jambaljamts,jambaljamts-sainbayar,4,118.0,0.0,0.0
current,,23,Burgos Burpellet BH,burgos-burpellet-bh-2026,PRT,1516.9,1123.8,0.0,team/burgos-burpellet-bh-2026/results/uci-world-teams,https://www.procyclingstats.com/team/burgos-burpellet-bh-2026/results/uci-world-teams,2026-04-11T09:58:38.574751+00:00,False,2026,BURNETT Josh,josh-burnett,5,98.0,0.0,0.0
current,,23,Burgos Burpellet BH,burgos-burpellet-bh-2026,PRT,1516.9,1123.8,0.0,team/burgos-burpellet-bh-2026/results/uci-world-teams,https://www.procyclingstats.com/team/burgos-burpellet-bh-2026/results/uci-world-teams,2026-04-11T09:58:38.574751+00:00,False,2026,QUARTUCCI Lorenzo,lorenzo-quartucci,6,94.0,0.0,0.0
current,,23,Burgos Burpellet BH,burgos-burpellet-bh-2026,PRT,1516.9,1123.8,0.0,team/burgos-burpellet-bh-2026/results/uci-world-teams,https://www.procyclingstats.com/team/burgos-burpellet-bh-2026/results/uci-world-teams,2026-04-11T09:58:38.574751+00:00,False,2026,HERRADA Jesús,jesus-herrada-lopez,7,70.0,0.0,0.0
current,,23,Burgos Burpellet BH,burgos-burpellet-bh-2026,PRT,1516.9,1123.8,0.0,team/burgos-burpellet-bh-2026/results/uci-world-teams,https://www.procyclingstats.com/team/burgos-burpellet-bh-2026/results/uci-world-teams,2026-04-11T09:58:38.574751+00:00,False,2026,CAVIA Daniel,daniel-cavia-sanz,8,58.0,0.0,0.0
current,,23,Burgos Burpellet BH,burgos-burpellet-bh-2026,PRT,1516.9,1123.8,0.0,team/burgos-burpellet-bh-2026/results/uci-world-teams,https://www.procyclingstats.com/team/burgos-burpellet-bh-2026/results/uci-world-teams,2026-04-11T09:58:38.574751+00:00,False,2026,CHUMIL Sergio Geovani,sergio-geovani-chumil-gonzalez,9,44.0,0.0,0.0
current,,23,Burgos Burpellet BH,burgos-burpellet-bh-2026,PRT,1516.9,1123.8,0.0,team/burgos-burpellet-bh-2026/results/uci-world-teams,https://www.procyclingstats.com/team/burgos-burpellet-bh-2026/results/uci-world-teams,2026-04-11T09:58:38.574751+00:00,False,2026,ALLENO Clément,clement-alleno,10,21.0,0.0,0.0
current,,23,Burgos Burpellet BH,burgos-burpellet-bh-2026,PRT,1516.9,1123.8,0.0,team/burgos-burpellet-bh-2026/results/uci-world-teams,https://www.procyclingstats.com/team/burgos-burpellet-bh-2026/results/uci-world-teams,2026-04-11T09:58:38.574751+00:00,False,2026,OKAMIKA Ander,ander-okamika,11,15.0,0.0,0.0
current,,23,Burgos Burpellet BH,burgos-burpellet-bh-2026,PRT,1516.9,1123.8,0.0,team/burgos-burpellet-bh-2026/results/uci-world-teams,https://www.procyclingstats.com/team/burgos-burpellet-bh-2026/results/uci-world-teams,2026-04-11T09:58:38.574751+00:00,False,2026,APARICIO Mario,mario-aparicio-munoz,12,12.0,0.0,0.0
current,,23,Burgos Burpellet BH,burgos-burpellet-bh-2026,PRT,1516.9,1123.8,0.0,team/burgos-burpellet-bh-2026/results/uci-world-teams,https://www.procyclingstats.com/team/burgos-burpellet-bh-2026/results/uci-world-teams,2026-04-11T09:58:38.574751+00:00,False,2026,DE LA CALLE Hugo,hugo-de-la-calle-arango,13,10.4,0.0,0.0
current,,23,Burgos Burpellet BH,burgos-burpellet-bh-2026,PRT,1516.9,1123.8,0.0,team/burgos-burpellet-bh-2026/results/uci-world-teams,https://www.procyclingstats.com/team/burgos-burpellet-bh-2026/results/uci-world-teams,2026-04-11T09:58:38.574751+00:00,False,2026,BOUGLAS Georgios,georgios-bouglas,14,10.0,0.0,0.0
current,,23,Burgos Burpellet BH,burgos-burpellet-bh-2026,PRT,1516.9,1123.8,0.0,team/burgos-burpellet-bh-2026/results/uci-world-teams,https://www.procyclingstats.com/team/burgos-burpellet-bh-2026/results/uci-world-teams,2026-04-11T09:58:38.574751+00:00,False,2026,KUDUS Merhawi,merhawi-kudus,14,10.0,0.0,0.0
current,,23,Burgos Burpellet BH,burgos-burpellet-bh-2026,PRT,1516.9,1123.8,0.0,team/burgos-burpellet-bh-2026/results/uci-world-teams,https://www.procyclingstats.com/team/burgos-burpellet-bh-2026/results/uci-world-teams,2026-04-11T09:58:38.574751+00:00,False,2026,ÁLVAREZ Rodrigo,rodrigo-alvarez-rogriguez,16,8.0,0.0,0.0
current,,23,Burgos Burpellet BH,burgos-burpellet-bh-2026,PRT,1516.9,1123.8,0.0,team/burgos-burpellet-bh-2026/results/uci-world-teams,https://www.procyclingstats.com/team/burgos-burpellet-bh-2026/results/uci-world-teams,2026-04-11T09:58:38.574751+00:00,False,2026,FAURA José Luis,jose-luis-faura-asensio,17,6.0,0.0,0.0
current,,23,Burgos Burpellet BH,burgos-burpellet-bh-2026,PRT,1516.9,1123.8,0.0,team/burgos-burpellet-bh-2026/results/uci-world-teams,https://www.procyclingstats.com/team/burgos-burpellet-bh-2026/results/uci-world-teams,2026-04-11T09:58:38.574751+00:00,False,2026,FERNÁNDEZ Sinuhé,sinuhe-fernandez-rodriguez,18,3.4,0.0,0.0
current,,23,Burgos Burpellet BH,burgos-burpellet-bh-2026,PRT,1516.9,1123.8,0.0,team/burgos-burpellet-bh-2026/results/uci-world-teams,https://www.procyclingstats.com/team/burgos-burpellet-bh-2026/results/uci-world-teams,2026-04-11T09:58:38.574751+00:00,False,2026,GARCÍA PIERNA Carlos,carlos-garcia-pierna,19,0.4,0.0,0.0
current,,23,Burgos Burpellet BH,burgos-burpellet-bh-2026,PRT,1516.9,1123.8,0.0,team/burgos-burpellet-bh-2026/results/uci-world-teams,https://www.procyclingstats.com/team/burgos-burpellet-bh-2026/results/uci-world-teams,2026-04-11T09:58:38.574751+00:00,False,2026,KOYAMA Tomoya,tomoya-koyama,19,0.4,0.0,0.0
current,,25,Caja Rural - Seguros RGA,caja-rural-seguros-rga-2026,PRT,1094.0,1088.8,0.0,team/caja-rural-seguros-rga-2026/results/uci-world-teams,https://www.procyclingstats.com/team/caja-rural-seguros-rga-2026/results/uci-world-teams,2026-04-11T09:58:38.574751+00:00,False,2026,LEITÃO Iúri,iuri-leitao,1,198.4,0.0,0.0
current,,25,Caja Rural - Seguros RGA,caja-rural-seguros-rga-2026,PRT,1094.0,1088.8,0.0,team/caja-rural-seguros-rga-2026/results/uci-world-teams,https://www.procyclingstats.com/team/caja-rural-seguros-rga-2026/results/uci-world-teams,2026-04-11T09:58:38.574751+00:00,False,2026,BERWICK Sebastian,sebastian-berwick,2,182.0,0.0,0.0
current,,25,Caja Rural - Seguros RGA,caja-rural-seguros-rga-2026,PRT,1094.0,1088.8,0.0,team/caja-rural-seguros-rga-2026/results/uci-world-teams,https://www.procyclingstats.com/team/caja-rural-seguros-rga-2026/results/uci-world-teams,2026-04-11T09:58:38.574751+00:00,False,2026,GAVIRIA Fernando,fernando-gaviria,3,155.0,0.0,0.0
current,,25,Caja Rural - Seguros RGA,caja-rural-seguros-rga-2026,PRT,1094.0,1088.8,0.0,team/caja-rural-seguros-rga-2026/results/uci-world-teams,https://www.procyclingstats.com/team/caja-rural-seguros-rga-2026/results/uci-world-teams,2026-04-11T09:58:38.574751+00:00,False,2026,MOLENAAR Alex,alex-molenaar,4,111.0,0.0,0.0
current,,25,Caja Rural - Seguros RGA,caja-rural-seguros-rga-2026,PRT,1094.0,1088.8,0.0,team/caja-rural-seguros-rga-2026/results/uci-world-teams,https://www.procyclingstats.com/team/caja-rural-seguros-rga-2026/results/uci-world-teams,2026-04-11T09:58:38.574751+00:00,False,2026,CASTELLON Jan,jan-castellon,5,78.0,0.0,0.0
current,,25,Caja Rural - Seguros RGA,caja-rural-seguros-rga-2026,PRT,1094.0,1088.8,0.0,team/caja-rural-seguros-rga-2026/results/uci-world-teams,https://www.procyclingstats.com/team/caja-rural-seguros-rga-2026/results/uci-world-teams,2026-04-11T09:58:38.574751+00:00,False,2026,SORARRAIN Gorka,gorka-sorarrain,6,77.0,0.0,0.0
current,,25,Caja Rural - Seguros RGA,caja-rural-seguros-rga-2026,PRT,1094.0,1088.8,0.0,team/caja-rural-seguros-rga-2026/results/uci-world-teams,https://www.procyclingstats.com/team/caja-rural-seguros-rga-2026/results/uci-world-teams,2026-04-11T09:58:38.574751+00:00,False,2026,OLDANI Stefano,stefano-oldani,7,72.0,0.0,0.0
current,,25,Caja Rural - Seguros RGA,caja-rural-seguros-rga-2026,PRT,1094.0,1088.8,0.0,team/caja-rural-seguros-rga-2026/results/uci-world-teams,https://www.procyclingstats.com/team/caja-rural-seguros-rga-2026/results/uci-world-teams,2026-04-11T09:58:38.574751+00:00,False,2026,DARDER Sergi,sergi-darder,8,43.0,0.0,0.0
current,,25,Caja Rural - Seguros RGA,caja-rural-seguros-rga-2026,PRT,1094.0,1088.8,0.0,team/caja-rural-seguros-rga-2026/results/uci-world-teams,https://www.procyclingstats.com/team/caja-rural-seguros-rga-2026/results/uci-world-teams,2026-04-11T09:58:38.574751+00:00,False,2026,BARCELÓ Fernando,fernando-barcelo,9,36.0,0.0,0.0
current,,25,Caja Rural - Seguros RGA,caja-rural-seguros-rga-2026,PRT,1094.0,1088.8,0.0,team/caja-rural-seguros-rga-2026/results/uci-world-teams,https://www.procyclingstats.com/team/caja-rural-seguros-rga-2026/results/uci-world-teams,2026-04-11T09:58:38.574751+00:00,False,2026,PARRA José Félix,jose-felix-parra,10,30.0,0.0,0.0
current,,25,Caja Rural - Seguros RGA,caja-rural-seguros-rga-2026,PRT,1094.0,1088.8,0.0,team/caja-rural-seguros-rga-2026/results/uci-world-teams,https://www.procyclingstats.com/team/caja-rural-seguros-rga-2026/results/uci-world-teams,2026-04-11T09:58:38.574751+00:00,False,2026,PRADES Eduard,eduard-prades,11,21.0,0.0,0.0
current,,25,Caja Rural - Seguros RGA,caja-rural-seguros-rga-2026,PRT,1094.0,1088.8,0.0,team/caja-rural-seguros-rga-2026/results/uci-world-teams,https://www.procyclingstats.com/team/caja-rural-seguros-rga-2026/results/uci-world-teams,2026-04-11T09:58:38.574751+00:00,False,2026,FERNÁNDEZ Samuel,samuel-fernandez-garcia,12,20.4,0.0,0.0
current,,25,Caja Rural - Seguros RGA,caja-rural-seguros-rga-2026,PRT,1094.0,1088.8,0.0,team/caja-rural-seguros-rga-2026/results/uci-world-teams,https://www.procyclingstats.com/team/caja-rural-seguros-rga-2026/results/uci-world-teams,2026-04-11T09:58:38.574751+00:00,False,2026,GUARDEÑO Jaume,jaume-guardeno,13,17.4,0.0,0.0
current,,25,Caja Rural - Seguros RGA,caja-rural-seguros-rga-2026,PRT,1094.0,1088.8,0.0,team/caja-rural-seguros-rga-2026/results/uci-world-teams,https://www.procyclingstats.com/team/caja-rural-seguros-rga-2026/results/uci-world-teams,2026-04-11T09:58:38.574751+00:00,False,2026,BALDERSTONE Abel,abel-balderstone-roumens,14,11.4,0.0,0.0
current,,25,Caja Rural - Seguros RGA,caja-rural-seguros-rga-2026,PRT,1094.0,1088.8,0.0,team/caja-rural-seguros-rga-2026/results/uci-world-teams,https://www.procyclingstats.com/team/caja-rural-seguros-rga-2026/results/uci-world-teams,2026-04-11T09:58:38.574751+00:00,False,2026,NICOLAU Joel,joel-nicolau,15,11.0,0.0,0.0
current,,25,Caja Rural - Seguros RGA,caja-rural-seguros-rga-2026,PRT,1094.0,1088.8,0.0,team/caja-rural-seguros-rga-2026/results/uci-world-teams,https://www.procyclingstats.com/team/caja-rural-seguros-rga-2026/results/uci-world-teams,2026-04-11T09:58:38.574751+00:00,False,2026,PEÑUELA Francisco Joel,francisco-penuela,16,7.4,0.0,0.0
current,,25,Caja Rural - Seguros RGA,caja-rural-seguros-rga-2026,PRT,1094.0,1088.8,0.0,team/caja-rural-seguros-rga-2026/results/uci-world-teams,https://www.procyclingstats.com/team/caja-rural-seguros-rga-2026/results/uci-world-teams,2026-04-11T09:58:38.574751+00:00,False,2026,VILLAR Iker,iker-villar,17,6.0,0.0,0.0
current,,25,Caja Rural - Seguros RGA,caja-rural-seguros-rga-2026,PRT,1094.0,1088.8,0.0,team/caja-rural-seguros-rga-2026/results/uci-world-teams,https://www.procyclingstats.com/team/caja-rural-seguros-rga-2026/results/uci-world-teams,2026-04-11T09:58:38.574751+00:00,False,2026,ARRIOLABENGOA Julen,julen-arriola-bengoa-beitia,17,6.0,0.0,0.0
current,,25,Caja Rural - Seguros RGA,caja-rural-seguros-rga-2026,PRT,1094.0,1088.8,0.0,team/caja-rural-seguros-rga-2026/results/uci-world-teams,https://www.procyclingstats.com/team/caja-rural-seguros-rga-2026/results/uci-world-teams,2026-04-11T09:58:38.574751+00:00,False,2026,OTRUBA Jakub,jakub-otruba,19,4.4,0.0,0.0
current,,25,Caja Rural - Seguros RGA,caja-rural-seguros-rga-2026,PRT,1094.0,1088.8,0.0,team/caja-rural-seguros-rga-2026/results/uci-world-teams,https://www.procyclingstats.com/team/caja-rural-seguros-rga-2026/results/uci-world-teams,2026-04-11T09:58:38.574751+00:00,False,2026,BOU Joan,joan-bou,20,1.4,0.0,0.0
current,,27,Equipo Kern Pharma,equipo-kern-pharma-2026,PRT,927.0,926.9,0.0,team/equipo-kern-pharma-2026/results/uci-world-teams,https://www.procyclingstats.com/team/equipo-kern-pharma-2026/results/uci-world-teams,2026-04-11T09:58:38.574751+00:00,False,2026,COBO Iván,ivan-cobo-cayon,1,260.0,0.0,0.0
current,,27,Equipo Kern Pharma,equipo-kern-pharma-2026,PRT,927.0,926.9,0.0,team/equipo-kern-pharma-2026/results/uci-world-teams,https://www.procyclingstats.com/team/equipo-kern-pharma-2026/results/uci-world-teams,2026-04-11T09:58:38.574751+00:00,False,2026,BRUSTENGA Marc,marc-brustenga-masague,2,176.7,0.0,0.0
current,,27,Equipo Kern Pharma,equipo-kern-pharma-2026,PRT,927.0,926.9,0.0,team/equipo-kern-pharma-2026/results/uci-world-teams,https://www.procyclingstats.com/team/equipo-kern-pharma-2026/results/uci-world-teams,2026-04-11T09:58:38.574751+00:00,False,2026,BERRADE Urko,urko-berrade-fernandez,3,173.7,0.0,0.0
current,,27,Equipo Kern Pharma,equipo-kern-pharma-2026,PRT,927.0,926.9,0.0,team/equipo-kern-pharma-2026/results/uci-world-teams,https://www.procyclingstats.com/team/equipo-kern-pharma-2026/results/uci-world-teams,2026-04-11T09:58:38.574751+00:00,False,2026,SOSA Iván Ramiro,ivan-ramiro-sosa,4,133.0,0.0,0.0
current,,27,Equipo Kern Pharma,equipo-kern-pharma-2026,PRT,927.0,926.9,0.0,team/equipo-kern-pharma-2026/results/uci-world-teams,https://www.procyclingstats.com/team/equipo-kern-pharma-2026/results/uci-world-teams,2026-04-11T09:58:38.574751+00:00,False,2026,RUIZ Ibon,ibon-ruiz,5,86.7,0.0,0.0
current,,27,Equipo Kern Pharma,equipo-kern-pharma-2026,PRT,927.0,926.9,0.0,team/equipo-kern-pharma-2026/results/uci-world-teams,https://www.procyclingstats.com/team/equipo-kern-pharma-2026/results/uci-world-teams,2026-04-11T09:58:38.574751+00:00,False,2026,GIMENO Nil,nil-gimeno,6,60.0,0.0,0.0
current,,27,Equipo Kern Pharma,equipo-kern-pharma-2026,PRT,927.0,926.9,0.0,team/equipo-kern-pharma-2026/results/uci-world-teams,https://www.procyclingstats.com/team/equipo-kern-pharma-2026/results/uci-world-teams,2026-04-11T09:58:38.574751+00:00,False,2026,PÉREZ César,cesar-perez-lopez,7,12.0,0.0,0.0
current,,27,Equipo Kern Pharma,equipo-kern-pharma-2026,PRT,927.0,926.9,0.0,team/equipo-kern-pharma-2026/results/uci-world-teams,https://www.procyclingstats.com/team/equipo-kern-pharma-2026/results/uci-world-teams,2026-04-11T09:58:38.574751+00:00,False,2026,RETEGI Mikel,mikel-retegi,8,9.0,0.0,0.0
current,,27,Equipo Kern Pharma,equipo-kern-pharma-2026,PRT,927.0,926.9,0.0,team/equipo-kern-pharma-2026/results/uci-world-teams,https://www.procyclingstats.com/team/equipo-kern-pharma-2026/results/uci-world-teams,2026-04-11T09:58:38.574751+00:00,False,2026,IRIBAR Unai,unai-iribar-jauregi,9,5.7,0.0,0.0
current,,27,Equipo Kern Pharma,equipo-kern-pharma-2026,PRT,927.0,926.9,0.0,team/equipo-kern-pharma-2026/results/uci-world-teams,https://www.procyclingstats.com/team/equipo-kern-pharma-2026/results/uci-world-teams,2026-04-11T09:58:38.574751+00:00,False,2026,MARTÍN José María,jose-maria-martin-munoz,10,5.0,0.0,0.0
current,,27,Equipo Kern Pharma,equipo-kern-pharma-2026,PRT,927.0,926.9,0.0,team/equipo-kern-pharma-2026/results/uci-world-teams,https://www.procyclingstats.com/team/equipo-kern-pharma-2026/results/uci-world-teams,2026-04-11T09:58:38.574751+00:00,False,2026,AZNAR Hugo,hugo-aznar,11,3.0,0.0,0.0
current,,27,Equipo Kern Pharma,equipo-kern-pharma-2026,PRT,927.0,926.9,0.0,team/equipo-kern-pharma-2026/results/uci-world-teams,https://www.procyclingstats.com/team/equipo-kern-pharma-2026/results/uci-world-teams,2026-04-11T09:58:38.574751+00:00,False,2026,AZANZA Ibai,ibai-azanza,12,0.7,0.0,0.0
current,,27,Equipo Kern Pharma,equipo-kern-pharma-2026,PRT,927.0,926.9,0.0,team/equipo-kern-pharma-2026/results/uci-world-teams,https://www.procyclingstats.com/team/equipo-kern-pharma-2026/results/uci-world-teams,2026-04-11T09:58:38.574751+00:00,False,2026,WENZEL Mats,mats-wenzel,12,0.7,0.0,0.0
current,,27,Equipo Kern Pharma,equipo-kern-pharma-2026,PRT,927.0,926.9,0.0,team/equipo-kern-pharma-2026/results/uci-world-teams,https://www.procyclingstats.com/team/equipo-kern-pharma-2026/results/uci-world-teams,2026-04-11T09:58:38.574751+00:00,False,2026,URIARTE Diego,diego-uriarte-belzunegi,12,0.7,0.0,0.0
current,,28,Team Polti VisitMalta,team-polti-visitmalta-2026,PRT,807.6,810.4,0.0,team/team-polti-visitmalta-2026/results/uci-world-teams,https://www.procyclingstats.com/team/team-polti-visitmalta-2026/results/uci-world-teams,2026-04-11T09:58:38.574751+00:00,False,2026,LONARDI Giovanni,giovanni-lonardi,1,181.4,0.0,0.0
current,,28,Team Polti VisitMalta,team-polti-visitmalta-2026,PRT,807.6,810.4,0.0,team/team-polti-visitmalta-2026/results/uci-world-teams,https://www.procyclingstats.com/team/team-polti-visitmalta-2026/results/uci-world-teams,2026-04-11T09:58:38.574751+00:00,False,2026,PEÑALVER Manuel,manuel-penalver,2,111.0,0.0,0.0
current,,28,Team Polti VisitMalta,team-polti-visitmalta-2026,PRT,807.6,810.4,0.0,team/team-polti-visitmalta-2026/results/uci-world-teams,https://www.procyclingstats.com/team/team-polti-visitmalta-2026/results/uci-world-teams,2026-04-11T09:58:38.574751+00:00,False,2026,CRESCIOLI Ludovico,ludovico-crescioli,3,69.0,0.0,0.0
current,,28,Team Polti VisitMalta,team-polti-visitmalta-2026,PRT,807.6,810.4,0.0,team/team-polti-visitmalta-2026/results/uci-world-teams,https://www.procyclingstats.com/team/team-polti-visitmalta-2026/results/uci-world-teams,2026-04-11T09:58:38.574751+00:00,False,2026,PESENTI Thomas,thomas-pesenti,4,68.0,0.0,0.0
current,,28,Team Polti VisitMalta,team-polti-visitmalta-2026,PRT,807.6,810.4,0.0,team/team-polti-visitmalta-2026/results/uci-world-teams,https://www.procyclingstats.com/team/team-polti-visitmalta-2026/results/uci-world-teams,2026-04-11T09:58:38.574751+00:00,False,2026,MIFSUD Andrea,andrea-mifsud,5,61.0,0.0,0.0
current,,28,Team Polti VisitMalta,team-polti-visitmalta-2026,PRT,807.6,810.4,0.0,team/team-polti-visitmalta-2026/results/uci-world-teams,https://www.procyclingstats.com/team/team-polti-visitmalta-2026/results/uci-world-teams,2026-04-11T09:58:38.574751+00:00,False,2026,BELLETTA Dario Igor,dario-igor-belletta,6,56.4,0.0,0.0
current,,28,Team Polti VisitMalta,team-polti-visitmalta-2026,PRT,807.6,810.4,0.0,team/team-polti-visitmalta-2026/results/uci-world-teams,https://www.procyclingstats.com/team/team-polti-visitmalta-2026/results/uci-world-teams,2026-04-11T09:58:38.574751+00:00,False,2026,BAIS Mattia,mattia-bais,7,55.4,0.0,0.0
current,,28,Team Polti VisitMalta,team-polti-visitmalta-2026,PRT,807.6,810.4,0.0,team/team-polti-visitmalta-2026/results/uci-world-teams,https://www.procyclingstats.com/team/team-polti-visitmalta-2026/results/uci-world-teams,2026-04-11T09:58:38.574751+00:00,False,2026,SEVILLA Diego Pablo,diego-pablo-sevilla,8,50.0,0.0,0.0
current,,28,Team Polti VisitMalta,team-polti-visitmalta-2026,PRT,807.6,810.4,0.0,team/team-polti-visitmalta-2026/results/uci-world-teams,https://www.procyclingstats.com/team/team-polti-visitmalta-2026/results/uci-world-teams,2026-04-11T09:58:38.574751+00:00,False,2026,MAESTRI Mirco,mirco-maestri,9,33.0,0.0,0.0
current,,28,Team Polti VisitMalta,team-polti-visitmalta-2026,PRT,807.6,810.4,0.0,team/team-polti-visitmalta-2026/results/uci-world-teams,https://www.procyclingstats.com/team/team-polti-visitmalta-2026/results/uci-world-teams,2026-04-11T09:58:38.574751+00:00,False,2026,CROZZOLO Fabrizio,fabrizio-crozzolo,10,30.0,0.0,0.0
current,,28,Team Polti VisitMalta,team-polti-visitmalta-2026,PRT,807.6,810.4,0.0,team/team-polti-visitmalta-2026/results/uci-world-teams,https://www.procyclingstats.com/team/team-polti-visitmalta-2026/results/uci-world-teams,2026-04-11T09:58:38.574751+00:00,False,2026,MUÑOZ Francisco,francisco-munoz-llana,11,28.0,0.0,0.0
current,,28,Team Polti VisitMalta,team-polti-visitmalta-2026,PRT,807.6,810.4,0.0,team/team-polti-visitmalta-2026/results/uci-world-teams,https://www.procyclingstats.com/team/team-polti-visitmalta-2026/results/uci-world-teams,2026-04-11T09:58:38.574751+00:00,False,2026,BESSEGA Gabriele,gabriele-bessega,12,15.0,0.0,0.0
current,,28,Team Polti VisitMalta,team-polti-visitmalta-2026,PRT,807.6,810.4,0.0,team/team-polti-visitmalta-2026/results/uci-world-teams,https://www.procyclingstats.com/team/team-polti-visitmalta-2026/results/uci-world-teams,2026-04-11T09:58:38.574751+00:00,False,2026,BAIS Davide,davide-bais,13,14.0,0.0,0.0
current,,28,Team Polti VisitMalta,team-polti-visitmalta-2026,PRT,807.6,810.4,0.0,team/team-polti-visitmalta-2026/results/uci-world-teams,https://www.procyclingstats.com/team/team-polti-visitmalta-2026/results/uci-world-teams,2026-04-11T09:58:38.574751+00:00,False,2026,GIULIANO Dario,dario-giuliano,14,8.0,0.0,0.0
current,,28,Team Polti VisitMalta,team-polti-visitmalta-2026,PRT,807.6,810.4,0.0,team/team-polti-visitmalta-2026/results/uci-world-teams,https://www.procyclingstats.com/team/team-polti-visitmalta-2026/results/uci-world-teams,2026-04-11T09:58:38.574751+00:00,False,2026,TONELLI Alessandro,alessandro-tonelli,15,6.4,0.0,0.0
current,,28,Team Polti VisitMalta,team-polti-visitmalta-2026,PRT,807.6,810.4,0.0,team/team-polti-visitmalta-2026/results/uci-world-teams,https://www.procyclingstats.com/team/team-polti-visitmalta-2026/results/uci-world-teams,2026-04-11T09:58:38.574751+00:00,False,2026,SERRANO Javier,javier-serrano,16,6.0,0.0,0.0
current,,28,Team Polti VisitMalta,team-polti-visitmalta-2026,PRT,807.6,810.4,0.0,team/team-polti-visitmalta-2026/results/uci-world-teams,https://www.procyclingstats.com/team/team-polti-visitmalta-2026/results/uci-world-teams,2026-04-11T09:58:38.574751+00:00,False,2026,PIETROBON Andrea,andrea-pietrobon,17,5.4,0.0,0.0
current,,28,Team Polti VisitMalta,team-polti-visitmalta-2026,PRT,807.6,810.4,0.0,team/team-polti-visitmalta-2026/results/uci-world-teams,https://www.procyclingstats.com/team/team-polti-visitmalta-2026/results/uci-world-teams,2026-04-11T09:58:38.574751+00:00,False,2026,RACCAGNI Gabriele,gabriele-raccagni,18,3.4,0.0,0.0
current,,28,Team Polti VisitMalta,team-polti-visitmalta-2026,PRT,807.6,810.4,0.0,team/team-polti-visitmalta-2026/results/uci-world-teams,https://www.procyclingstats.com/team/team-polti-visitmalta-2026/results/uci-world-teams,2026-04-11T09:58:38.574751+00:00,False,2026,TERCERO Fernando,fernando-tercero-lopez,19,3.0,0.0,0.0
current,,28,Team Polti VisitMalta,team-polti-visitmalta-2026,PRT,807.6,810.4,0.0,team/team-polti-visitmalta-2026/results/uci-world-teams,https://www.procyclingstats.com/team/team-polti-visitmalta-2026/results/uci-world-teams,2026-04-11T09:58:38.574751+00:00,False,2026,BESSEGA Tommaso,tommaso-bessega,19,3.0,0.0,0.0
current,,28,Team Polti VisitMalta,team-polti-visitmalta-2026,PRT,807.6,810.4,0.0,team/team-polti-visitmalta-2026/results/uci-world-teams,https://www.procyclingstats.com/team/team-polti-visitmalta-2026/results/uci-world-teams,2026-04-11T09:58:38.574751+00:00,False,2026,GARCÍA Pablo,pablo-garcia-frances,19,3.0,0.0,0.0
current,,28,Team Polti VisitMalta,team-polti-visitmalta-2026,PRT,807.6,810.4,0.0,team/team-polti-visitmalta-2026/results/uci-world-teams,https://www.procyclingstats.com/team/team-polti-visitmalta-2026/results/uci-world-teams,2026-04-11T09:58:38.574751+00:00,False,2026,BENITO Adrián,adrian-benito-gonzalez,22,0.0,0.4,0.0
current,,29,Euskaltel - Euskadi,euskaltel-euskadi-2026,PRT,707.0,706.9,0.0,team/euskaltel-euskadi-2026/results/uci-world-teams,https://www.procyclingstats.com/team/euskaltel-euskadi-2026/results/uci-world-teams,2026-04-11T09:58:38.574751+00:00,False,2026,MARTÍN Gotzon,gotzon-martin,1,163.0,0.0,0.0
current,,29,Euskaltel - Euskadi,euskaltel-euskadi-2026,PRT,707.0,706.9,0.0,team/euskaltel-euskadi-2026/results/uci-world-teams,https://www.procyclingstats.com/team/euskaltel-euskadi-2026/results/uci-world-teams,2026-04-11T09:58:38.574751+00:00,False,2026,AGIRRE Jon,jon-agirre,2,114.0,0.0,0.0
current,,29,Euskaltel - Euskadi,euskaltel-euskadi-2026,PRT,707.0,706.9,0.0,team/euskaltel-euskadi-2026/results/uci-world-teams,https://www.procyclingstats.com/team/euskaltel-euskadi-2026/results/uci-world-teams,2026-04-11T09:58:38.574751+00:00,False,2026,BERASATEGI Xabier,xabier-berasategi-garmendia,3,112.0,0.0,0.0
current,,29,Euskaltel - Euskadi,euskaltel-euskadi-2026,PRT,707.0,706.9,0.0,team/euskaltel-euskadi-2026/results/uci-world-teams,https://www.procyclingstats.com/team/euskaltel-euskadi-2026/results/uci-world-teams,2026-04-11T09:58:38.574751+00:00,False,2026,LÓPEZ Jordi,jordi-lopez-caravaca,4,102.0,0.0,0.0
current,,29,Euskaltel - Euskadi,euskaltel-euskadi-2026,PRT,707.0,706.9,0.0,team/euskaltel-euskadi-2026/results/uci-world-teams,https://www.procyclingstats.com/team/euskaltel-euskadi-2026/results/uci-world-teams,2026-04-11T09:58:38.574751+00:00,False,2026,VAN DER TUUK Axel,axel-van-der-tuuk,5,93.0,0.0,0.0
current,,29,Euskaltel - Euskadi,euskaltel-euskadi-2026,PRT,707.0,706.9,0.0,team/euskaltel-euskadi-2026/results/uci-world-teams,https://www.procyclingstats.com/team/euskaltel-euskadi-2026/results/uci-world-teams,2026-04-11T09:58:38.574751+00:00,False,2026,MINTEGI Iker,iker-mintegi-claver,6,38.0,0.0,0.0
current,,29,Euskaltel - Euskadi,euskaltel-euskadi-2026,PRT,707.0,706.9,0.0,team/euskaltel-euskadi-2026/results/uci-world-teams,https://www.procyclingstats.com/team/euskaltel-euskadi-2026/results/uci-world-teams,2026-04-11T09:58:38.574751+00:00,False,2026,SUTTON Louis,louis-sutton,7,21.0,0.0,0.0
current,,29,Euskaltel - Euskadi,euskaltel-euskadi-2026,PRT,707.0,706.9,0.0,team/euskaltel-euskadi-2026/results/uci-world-teams,https://www.procyclingstats.com/team/euskaltel-euskadi-2026/results/uci-world-teams,2026-04-11T09:58:38.574751+00:00,False,2026,LASTRA Jonathan,jonathan-lastra,8,14.0,0.0,0.0
current,,29,Euskaltel - Euskadi,euskaltel-euskadi-2026,PRT,707.0,706.9,0.0,team/euskaltel-euskadi-2026/results/uci-world-teams,https://www.procyclingstats.com/team/euskaltel-euskadi-2026/results/uci-world-teams,2026-04-11T09:58:38.574751+00:00,False,2026,HENNEQUIN Paul,paul-hennequin,9,13.0,0.0,0.0
current,,29,Euskaltel - Euskadi,euskaltel-euskadi-2026,PRT,707.0,706.9,0.0,team/euskaltel-euskadi-2026/results/uci-world-teams,https://www.procyclingstats.com/team/euskaltel-euskadi-2026/results/uci-world-teams,2026-04-11T09:58:38.574751+00:00,False,2026,BIZKARRA Mikel,mikel-bizkarra,10,11.0,0.0,0.0
current,,29,Euskaltel - Euskadi,euskaltel-euskadi-2026,PRT,707.0,706.9,0.0,team/euskaltel-euskadi-2026/results/uci-world-teams,https://www.procyclingstats.com/team/euskaltel-euskadi-2026/results/uci-world-teams,2026-04-11T09:58:38.574751+00:00,False,2026,ALUSTIZA Nicolás,nicolas-alustiza,11,10.0,0.0,0.0
current,,29,Euskaltel - Euskadi,euskaltel-euskadi-2026,PRT,707.0,706.9,0.0,team/euskaltel-euskadi-2026/results/uci-world-teams,https://www.procyclingstats.com/team/euskaltel-euskadi-2026/results/uci-world-teams,2026-04-11T09:58:38.574751+00:00,False,2026,ISASA Xabier,xabier-isasa-larranaga,12,5.7,0.0,0.0
current,,29,Euskaltel - Euskadi,euskaltel-euskadi-2026,PRT,707.0,706.9,0.0,team/euskaltel-euskadi-2026/results/uci-world-teams,https://www.procyclingstats.com/team/euskaltel-euskadi-2026/results/uci-world-teams,2026-04-11T09:58:38.574751+00:00,False,2026,UGARTE Gari,gari-ugarte,13,3.7,0.0,0.0
current,,29,Euskaltel - Euskadi,euskaltel-euskadi-2026,PRT,707.0,706.9,0.0,team/euskaltel-euskadi-2026/results/uci-world-teams,https://www.procyclingstats.com/team/euskaltel-euskadi-2026/results/uci-world-teams,2026-04-11T09:58:38.574751+00:00,False,2026,MURGUIALDAY Jokin,jokin-murguialday-elorza,14,3.0,0.0,0.0
current,,29,Euskaltel - Euskadi,euskaltel-euskadi-2026,PRT,707.0,706.9,0.0,team/euskaltel-euskadi-2026/results/uci-world-teams,https://www.procyclingstats.com/team/euskaltel-euskadi-2026/results/uci-world-teams,2026-04-11T09:58:38.574751+00:00,False,2026,VAN DER TUUK Danny,danny-van-der-tuuk,15,0.7,0.0,0.0
current,,29,Euskaltel - Euskadi,euskaltel-euskadi-2026,PRT,707.0,706.9,0.0,team/euskaltel-euskadi-2026/results/uci-world-teams,https://www.procyclingstats.com/team/euskaltel-euskadi-2026/results/uci-world-teams,2026-04-11T09:58:38.574751+00:00,False,2026,JUARISTI Txomin,txomin-juaristi,15,0.7,0.0,0.0
current,,29,Euskaltel - Euskadi,euskaltel-euskadi-2026,PRT,707.0,706.9,0.0,team/euskaltel-euskadi-2026/results/uci-world-teams,https://www.procyclingstats.com/team/euskaltel-euskadi-2026/results/uci-world-teams,2026-04-11T09:58:38.574751+00:00,False,2026,FERNÁNDEZ Samuel,samuel-fernandez-heres,15,0.7,0.0,0.0
current,,29,Euskaltel - Euskadi,euskaltel-euskadi-2026,PRT,707.0,706.9,0.0,team/euskaltel-euskadi-2026/results/uci-world-teams,https://www.procyclingstats.com/team/euskaltel-euskadi-2026/results/uci-world-teams,2026-04-11T09:58:38.574751+00:00,False,2026,AGUIRRE Yago,yago-aguirre,15,0.7,0.0,0.0
current,,29,Euskaltel - Euskadi,euskaltel-euskadi-2026,PRT,707.0,706.9,0.0,team/euskaltel-euskadi-2026/results/uci-world-teams,https://www.procyclingstats.com/team/euskaltel-euskadi-2026/results/uci-world-teams,2026-04-11T09:58:38.574751+00:00,False,2026,AZNAR Unai,unai-aznar-vijuesca,15,0.7,0.0,0.0
current,,32,Bardiani CSF 7 Saber,bardiani-csf-7-saber-2026,PRT,612.0,611.8,0.0,team/bardiani-csf-7-saber-2026/results/uci-world-teams,https://www.procyclingstats.com/team/bardiani-csf-7-saber-2026/results/uci-world-teams,2026-04-11T09:58:38.574751+00:00,False,2026,MARCELLUSI Martin,martin-marcellusi,1,185.4,0.0,0.0
current,,32,Bardiani CSF 7 Saber,bardiani-csf-7-saber-2026,PRT,612.0,611.8,0.0,team/bardiani-csf-7-saber-2026/results/uci-world-teams,https://www.procyclingstats.com/team/bardiani-csf-7-saber-2026/results/uci-world-teams,2026-04-11T09:58:38.574751+00:00,False,2026,ZANONCELLO Enrico,enrico-zanoncello,2,128.4,0.0,0.0
current,,32,Bardiani CSF 7 Saber,bardiani-csf-7-saber-2026,PRT,612.0,611.8,0.0,team/bardiani-csf-7-saber-2026/results/uci-world-teams,https://www.procyclingstats.com/team/bardiani-csf-7-saber-2026/results/uci-world-teams,2026-04-11T09:58:38.574751+00:00,False,2026,ROJAS Vicente,vicente-rojas,3,50.0,0.0,0.0
current,,32,Bardiani CSF 7 Saber,bardiani-csf-7-saber-2026,PRT,612.0,611.8,0.0,team/bardiani-csf-7-saber-2026/results/uci-world-teams,https://www.procyclingstats.com/team/bardiani-csf-7-saber-2026/results/uci-world-teams,2026-04-11T09:58:38.574751+00:00,False,2026,TSVETKOV Nikita,nikita-tsvetkov,4,46.0,0.0,0.0
current,,32,Bardiani CSF 7 Saber,bardiani-csf-7-saber-2026,PRT,612.0,611.8,0.0,team/bardiani-csf-7-saber-2026/results/uci-world-teams,https://www.procyclingstats.com/team/bardiani-csf-7-saber-2026/results/uci-world-teams,2026-04-11T09:58:38.574751+00:00,False,2026,MANENTI Marco,marco-manenti1,5,41.4,0.0,0.0
current,,32,Bardiani CSF 7 Saber,bardiani-csf-7-saber-2026,PRT,612.0,611.8,0.0,team/bardiani-csf-7-saber-2026/results/uci-world-teams,https://www.procyclingstats.com/team/bardiani-csf-7-saber-2026/results/uci-world-teams,2026-04-11T09:58:38.574751+00:00,False,2026,TURCONI Filippo,filippo-turconi,6,38.0,0.0,0.0
current,,32,Bardiani CSF 7 Saber,bardiani-csf-7-saber-2026,PRT,612.0,611.8,0.0,team/bardiani-csf-7-saber-2026/results/uci-world-teams,https://www.procyclingstats.com/team/bardiani-csf-7-saber-2026/results/uci-world-teams,2026-04-11T09:58:38.574751+00:00,False,2026,PALETTI Luca,luca-paletti,7,36.0,0.0,0.0
current,,32,Bardiani CSF 7 Saber,bardiani-csf-7-saber-2026,PRT,612.0,611.8,0.0,team/bardiani-csf-7-saber-2026/results/uci-world-teams,https://www.procyclingstats.com/team/bardiani-csf-7-saber-2026/results/uci-world-teams,2026-04-11T09:58:38.574751+00:00,False,2026,CONFORTI Lorenzo,lorenzo-conforti,8,27.4,0.0,0.0
current,,32,Bardiani CSF 7 Saber,bardiani-csf-7-saber-2026,PRT,612.0,611.8,0.0,team/bardiani-csf-7-saber-2026/results/uci-world-teams,https://www.procyclingstats.com/team/bardiani-csf-7-saber-2026/results/uci-world-teams,2026-04-11T09:58:38.574751+00:00,False,2026,TOLIO Alex,alex-tolio,9,13.0,0.0,0.0
current,,32,Bardiani CSF 7 Saber,bardiani-csf-7-saber-2026,PRT,612.0,611.8,0.0,team/bardiani-csf-7-saber-2026/results/uci-world-teams,https://www.procyclingstats.com/team/bardiani-csf-7-saber-2026/results/uci-world-teams,2026-04-11T09:58:38.574751+00:00,False,2026,CETTOLIN Filippo,filippo-cettolin,10,10.0,0.0,0.0
current,,32,Bardiani CSF 7 Saber,bardiani-csf-7-saber-2026,PRT,612.0,611.8,0.0,team/bardiani-csf-7-saber-2026/results/uci-world-teams,https://www.procyclingstats.com/team/bardiani-csf-7-saber-2026/results/uci-world-teams,2026-04-11T09:58:38.574751+00:00,False,2026,ROSTOVTSEV Sergey,sergey-rostovtsev,10,10.0,0.0,0.0
current,,32,Bardiani CSF 7 Saber,bardiani-csf-7-saber-2026,PRT,612.0,611.8,0.0,team/bardiani-csf-7-saber-2026/results/uci-world-teams,https://www.procyclingstats.com/team/bardiani-csf-7-saber-2026/results/uci-world-teams,2026-04-11T09:58:38.574751+00:00,False,2026,PINAZZI Mattia,mattia-pinazzi,12,8.4,0.0,0.0
current,,32,Bardiani CSF 7 Saber,bardiani-csf-7-saber-2026,PRT,612.0,611.8,0.0,team/bardiani-csf-7-saber-2026/results/uci-world-teams,https://www.procyclingstats.com/team/bardiani-csf-7-saber-2026/results/uci-world-teams,2026-04-11T09:58:38.574751+00:00,False,2026,MAGLI Filippo,filippo-magli2,13,8.0,0.0,0.0
current,,32,Bardiani CSF 7 Saber,bardiani-csf-7-saber-2026,PRT,612.0,611.8,0.0,team/bardiani-csf-7-saber-2026/results/uci-world-teams,https://www.procyclingstats.com/team/bardiani-csf-7-saber-2026/results/uci-world-teams,2026-04-11T09:58:38.574751+00:00,False,2026,COLNAGHI Luca,luca-colnaghi,14,3.0,0.0,0.0
current,,32,Bardiani CSF 7 Saber,bardiani-csf-7-saber-2026,PRT,612.0,611.8,0.0,team/bardiani-csf-7-saber-2026/results/uci-world-teams,https://www.procyclingstats.com/team/bardiani-csf-7-saber-2026/results/uci-world-teams,2026-04-11T09:58:38.574751+00:00,False,2026,COVILI Luca,luca-covili,14,3.0,0.0,0.0
current,,32,Bardiani CSF 7 Saber,bardiani-csf-7-saber-2026,PRT,612.0,611.8,0.0,team/bardiani-csf-7-saber-2026/results/uci-world-teams,https://www.procyclingstats.com/team/bardiani-csf-7-saber-2026/results/uci-world-teams,2026-04-11T09:58:38.574751+00:00,False,2026,CRUZ Edward,edward-martinez-cruz,14,3.0,0.0,0.0
current,,32,Bardiani CSF 7 Saber,bardiani-csf-7-saber-2026,PRT,612.0,611.8,0.0,team/bardiani-csf-7-saber-2026/results/uci-world-teams,https://www.procyclingstats.com/team/bardiani-csf-7-saber-2026/results/uci-world-teams,2026-04-11T09:58:38.574751+00:00,False,2026,MONTAGNER Andrea,andrea-montagner,17,0.4,0.0,0.0
current,,32,Bardiani CSF 7 Saber,bardiani-csf-7-saber-2026,PRT,612.0,611.8,0.0,team/bardiani-csf-7-saber-2026/results/uci-world-teams,https://www.procyclingstats.com/team/bardiani-csf-7-saber-2026/results/uci-world-teams,2026-04-11T09:58:38.574751+00:00,False,2026,FERRARO Santiago,santiago-ferraro,17,0.4,0.0,0.0
current,,35,Solution Tech NIPPO Rali,solution-tech-nippo-rali-2026,PRT,532.3,532.3,0.0,team/solution-tech-nippo-rali-2026/results/uci-world-teams,https://www.procyclingstats.com/team/solution-tech-nippo-rali-2026/results/uci-world-teams,2026-04-11T09:58:38.574751+00:00,False,2026,RAJOVIĆ Dušan,dusan-rajovic,1,211.0,0.0,0.0
current,,35,Solution Tech NIPPO Rali,solution-tech-nippo-rali-2026,PRT,532.3,532.3,0.0,team/solution-tech-nippo-rali-2026/results/uci-world-teams,https://www.procyclingstats.com/team/solution-tech-nippo-rali-2026/results/uci-world-teams,2026-04-11T09:58:38.574751+00:00,False,2026,FABBRO Matteo,matteo-fabbro,2,67.0,0.0,0.0
current,,35,Solution Tech NIPPO Rali,solution-tech-nippo-rali-2026,PRT,532.3,532.3,0.0,team/solution-tech-nippo-rali-2026/results/uci-world-teams,https://www.procyclingstats.com/team/solution-tech-nippo-rali-2026/results/uci-world-teams,2026-04-11T09:58:38.574751+00:00,False,2026,NENCINI Tommaso,tommaso-nencini,3,43.0,0.0,0.0
current,,35,Solution Tech NIPPO Rali,solution-tech-nippo-rali-2026,PRT,532.3,532.3,0.0,team/solution-tech-nippo-rali-2026/results/uci-world-teams,https://www.procyclingstats.com/team/solution-tech-nippo-rali-2026/results/uci-world-teams,2026-04-11T09:58:38.574751+00:00,False,2026,ARCHIBOLD Franklin,franklin-archibold,4,40.0,0.0,0.0
current,,35,Solution Tech NIPPO Rali,solution-tech-nippo-rali-2026,PRT,532.3,532.3,0.0,team/solution-tech-nippo-rali-2026/results/uci-world-teams,https://www.procyclingstats.com/team/solution-tech-nippo-rali-2026/results/uci-world-teams,2026-04-11T09:58:38.574751+00:00,False,2026,GONZÁLEZ Roberto Carlos,roberto-gonzalez,5,38.0,0.0,0.0
current,,35,Solution Tech NIPPO Rali,solution-tech-nippo-rali-2026,PRT,532.3,532.3,0.0,team/solution-tech-nippo-rali-2026/results/uci-world-teams,https://www.procyclingstats.com/team/solution-tech-nippo-rali-2026/results/uci-world-teams,2026-04-11T09:58:38.574751+00:00,False,2026,UMBA Santiago,santiago-umba,6,31.0,0.0,0.0
current,,35,Solution Tech NIPPO Rali,solution-tech-nippo-rali-2026,PRT,532.3,532.3,0.0,team/solution-tech-nippo-rali-2026/results/uci-world-teams,https://www.procyclingstats.com/team/solution-tech-nippo-rali-2026/results/uci-world-teams,2026-04-11T09:58:38.574751+00:00,False,2026,ARASHIRO Yukiya,yukiya-arashiro,7,28.3,0.0,0.0
current,,35,Solution Tech NIPPO Rali,solution-tech-nippo-rali-2026,PRT,532.3,532.3,0.0,team/solution-tech-nippo-rali-2026/results/uci-world-teams,https://www.procyclingstats.com/team/solution-tech-nippo-rali-2026/results/uci-world-teams,2026-04-11T09:58:38.574751+00:00,False,2026,SAMUDIO Carlos,carlos-samudio,8,25.0,0.0,0.0
current,,35,Solution Tech NIPPO Rali,solution-tech-nippo-rali-2026,PRT,532.3,532.3,0.0,team/solution-tech-nippo-rali-2026/results/uci-world-teams,https://www.procyclingstats.com/team/solution-tech-nippo-rali-2026/results/uci-world-teams,2026-04-11T09:58:38.574751+00:00,False,2026,FINKŠT Tilen,tilen-finkst,9,23.0,0.0,0.0
current,,35,Solution Tech NIPPO Rali,solution-tech-nippo-rali-2026,PRT,532.3,532.3,0.0,team/solution-tech-nippo-rali-2026/results/uci-world-teams,https://www.procyclingstats.com/team/solution-tech-nippo-rali-2026/results/uci-world-teams,2026-04-11T09:58:38.574751+00:00,False,2026,BONNEU Kamiel,kamiel-bonneu,10,16.0,0.0,0.0
current,,35,Solution Tech NIPPO Rali,solution-tech-nippo-rali-2026,PRT,532.3,532.3,0.0,team/solution-tech-nippo-rali-2026/results/uci-world-teams,https://www.procyclingstats.com/team/solution-tech-nippo-rali-2026/results/uci-world-teams,2026-04-11T09:58:38.574751+00:00,False,2026,BALMER Alexandre,alexandre-balmer,11,10.0,0.0,0.0
current,,38,MBH Bank CSB Telecom Fort,mbh-bank-csb-telecom-fort-2026,PRT,468.0,468.0,5.0,team/mbh-bank-csb-telecom-fort-2026/results/uci-world-teams,https://www.procyclingstats.com/team/mbh-bank-csb-telecom-fort-2026/results/uci-world-teams,2026-04-11T09:58:38.574751+00:00,False,2026,BUDZIŃSKI Marcin,marcin-budzinski,1,132.0,0.0,0.0
current,,38,MBH Bank CSB Telecom Fort,mbh-bank-csb-telecom-fort-2026,PRT,468.0,468.0,5.0,team/mbh-bank-csb-telecom-fort-2026/results/uci-world-teams,https://www.procyclingstats.com/team/mbh-bank-csb-telecom-fort-2026/results/uci-world-teams,2026-04-11T09:58:38.574751+00:00,False,2026,BURATTI Nicolò,nicolo-buratti,2,106.0,0.0,0.0
current,,38,MBH Bank CSB Telecom Fort,mbh-bank-csb-telecom-fort-2026,PRT,468.0,468.0,5.0,team/mbh-bank-csb-telecom-fort-2026/results/uci-world-teams,https://www.procyclingstats.com/team/mbh-bank-csb-telecom-fort-2026/results/uci-world-teams,2026-04-11T09:58:38.574751+00:00,False,2026,VERRE Alessandro,alessandro-verre,3,86.0,0.0,0.0
current,,38,MBH Bank CSB Telecom Fort,mbh-bank-csb-telecom-fort-2026,PRT,468.0,468.0,5.0,team/mbh-bank-csb-telecom-fort-2026/results/uci-world-teams,https://www.procyclingstats.com/team/mbh-bank-csb-telecom-fort-2026/results/uci-world-teams,2026-04-11T09:58:38.574751+00:00,False,2026,FANCELLU Alessandro,alessandro-fancellu,4,59.0,0.0,0.0
current,,38,MBH Bank CSB Telecom Fort,mbh-bank-csb-telecom-fort-2026,PRT,468.0,468.0,5.0,team/mbh-bank-csb-telecom-fort-2026/results/uci-world-teams,https://www.procyclingstats.com/team/mbh-bank-csb-telecom-fort-2026/results/uci-world-teams,2026-04-11T09:58:38.574751+00:00,False,2026,PERSICO Davide,davide-persico,5,54.0,0.0,0.0
current,,38,MBH Bank CSB Telecom Fort,mbh-bank-csb-telecom-fort-2026,PRT,468.0,468.0,5.0,team/mbh-bank-csb-telecom-fort-2026/results/uci-world-teams,https://www.procyclingstats.com/team/mbh-bank-csb-telecom-fort-2026/results/uci-world-teams,2026-04-11T09:58:38.574751+00:00,False,2026,NESPOLI Lorenzo,lorenzo-nespoli,6,20.0,0.0,0.0
current,,38,MBH Bank CSB Telecom Fort,mbh-bank-csb-telecom-fort-2026,PRT,468.0,468.0,5.0,team/mbh-bank-csb-telecom-fort-2026/results/uci-world-teams,https://www.procyclingstats.com/team/mbh-bank-csb-telecom-fort-2026/results/uci-world-teams,2026-04-11T09:58:38.574751+00:00,False,2026,MASNADA Fausto,fausto-masnada,7,5.0,0.0,0.0
current,,38,MBH Bank CSB Telecom Fort,mbh-bank-csb-telecom-fort-2026,PRT,468.0,468.0,5.0,team/mbh-bank-csb-telecom-fort-2026/results/uci-world-teams,https://www.procyclingstats.com/team/mbh-bank-csb-telecom-fort-2026/results/uci-world-teams,2026-04-11T09:58:38.574751+00:00,False,2026,AMBROSINI Matteo,matteo-ambrosini,8,3.0,0.0,0.0
current,,38,MBH Bank CSB Telecom Fort,mbh-bank-csb-telecom-fort-2026,PRT,468.0,468.0,5.0,team/mbh-bank-csb-telecom-fort-2026/results/uci-world-teams,https://www.procyclingstats.com/team/mbh-bank-csb-telecom-fort-2026/results/uci-world-teams,2026-04-11T09:58:38.574751+00:00,False,2026,ZOCCARATO Samuele,samuele-zoccarato,8,3.0,0.0,0.0
current,,38,MBH Bank CSB Telecom Fort,mbh-bank-csb-telecom-fort-2026,PRT,468.0,468.0,5.0,team/mbh-bank-csb-telecom-fort-2026/results/uci-world-teams,https://www.procyclingstats.com/team/mbh-bank-csb-telecom-fort-2026/results/uci-world-teams,2026-04-11T09:58:38.574751+00:00,False,2026,CRETTI Luca,luca-cretti,10,0.0,0.0,5.0
current,,41,Modern Adventure Pro Cycling,modern-adventure-pro-cycling-2026,PRT,391.0,391.0,15.0,team/modern-adventure-pro-cycling-2026/results/uci-world-teams,https://www.procyclingstats.com/team/modern-adventure-pro-cycling-2026/results/uci-world-teams,2026-04-11T09:58:38.574751+00:00,False,2026,DE BOD Stefan,stefan-de-bod,1,185.0,0.0,0.0
current,,41,Modern Adventure Pro Cycling,modern-adventure-pro-cycling-2026,PRT,391.0,391.0,15.0,team/modern-adventure-pro-cycling-2026/results/uci-world-teams,https://www.procyclingstats.com/team/modern-adventure-pro-cycling-2026/results/uci-world-teams,2026-04-11T09:58:38.574751+00:00,False,2026,MUNTON Byron,byron-munton,2,118.0,0.0,0.0
current,,41,Modern Adventure Pro Cycling,modern-adventure-pro-cycling-2026,PRT,391.0,391.0,15.0,team/modern-adventure-pro-cycling-2026/results/uci-world-teams,https://www.procyclingstats.com/team/modern-adventure-pro-cycling-2026/results/uci-world-teams,2026-04-11T09:58:38.574751+00:00,False,2026,OLIVER Ben,ben-oliver,3,60.0,0.0,0.0
current,,41,Modern Adventure Pro Cycling,modern-adventure-pro-cycling-2026,PRT,391.0,391.0,15.0,team/modern-adventure-pro-cycling-2026/results/uci-world-teams,https://www.procyclingstats.com/team/modern-adventure-pro-cycling-2026/results/uci-world-teams,2026-04-11T09:58:38.574751+00:00,False,2026,PICKRELL Riley,riley-pickrell,4,8.0,0.0,15.0
current,,41,Modern Adventure Pro Cycling,modern-adventure-pro-cycling-2026,PRT,391.0,391.0,15.0,team/modern-adventure-pro-cycling-2026/results/uci-world-teams,https://www.procyclingstats.com/team/modern-adventure-pro-cycling-2026/results/uci-world-teams,2026-04-11T09:58:38.574751+00:00,False,2026,MCGILL Scott,scott-mcgill,5,6.0,0.0,0.0
current,,41,Modern Adventure Pro Cycling,modern-adventure-pro-cycling-2026,PRT,391.0,391.0,15.0,team/modern-adventure-pro-cycling-2026/results/uci-world-teams,https://www.procyclingstats.com/team/modern-adventure-pro-cycling-2026/results/uci-world-teams,2026-04-11T09:58:38.574751+00:00,False,2026,SCALA Hugo,hugo-scala,5,6.0,0.0,0.0
current,,41,Modern Adventure Pro Cycling,modern-adventure-pro-cycling-2026,PRT,391.0,391.0,15.0,team/modern-adventure-pro-cycling-2026/results/uci-world-teams,https://www.procyclingstats.com/team/modern-adventure-pro-cycling-2026/results/uci-world-teams,2026-04-11T09:58:38.574751+00:00,False,2026,CAUDELL Ezra,ezra-caudell,7,3.0,0.0,0.0
current,,41,Modern Adventure Pro Cycling,modern-adventure-pro-cycling-2026,PRT,391.0,391.0,15.0,team/modern-adventure-pro-cycling-2026/results/uci-world-teams,https://www.procyclingstats.com/team/modern-adventure-pro-cycling-2026/results/uci-world-teams,2026-04-11T09:58:38.574751+00:00,False,2026,FLÓREZ Samuel,samuel-florez-garces,7,3.0,0.0,0.0
current,,41,Modern Adventure Pro Cycling,modern-adventure-pro-cycling-2026,PRT,391.0,391.0,15.0,team/modern-adventure-pro-cycling-2026/results/uci-world-teams,https://www.procyclingstats.com/team/modern-adventure-pro-cycling-2026/results/uci-world-teams,2026-04-11T09:58:38.574751+00:00,False,2026,STEWART Mark,mark-stewart,9,2.0,0.0,0.0
current,,42,Team Flanders - Baloise,team-flanders-baloise-2026,PRT,360.0,359.9,0.0,team/team-flanders-baloise-2026/results/uci-world-teams,https://www.procyclingstats.com/team/team-flanders-baloise-2026/results/uci-world-teams,2026-04-11T09:58:38.574751+00:00,False,2026,CRABBE Tom,tom-crabbe,1,91.0,0.0,0.0
current,,42,Team Flanders - Baloise,team-flanders-baloise-2026,PRT,360.0,359.9,0.0,team/team-flanders-baloise-2026/results/uci-world-teams,https://www.procyclingstats.com/team/team-flanders-baloise-2026/results/uci-world-teams,2026-04-11T09:58:38.574751+00:00,False,2026,HESTERS Jules,jules-hesters,2,65.0,0.0,0.0
current,,42,Team Flanders - Baloise,team-flanders-baloise-2026,PRT,360.0,359.9,0.0,team/team-flanders-baloise-2026/results/uci-world-teams,https://www.procyclingstats.com/team/team-flanders-baloise-2026/results/uci-world-teams,2026-04-11T09:58:38.574751+00:00,False,2026,VAN HEMELEN Vincent,vincent-van-hemelen,3,58.0,0.0,0.0
current,,42,Team Flanders - Baloise,team-flanders-baloise-2026,PRT,360.0,359.9,0.0,team/team-flanders-baloise-2026/results/uci-world-teams,https://www.procyclingstats.com/team/team-flanders-baloise-2026/results/uci-world-teams,2026-04-11T09:58:38.574751+00:00,False,2026,LAMBRECHT Michiel,michiel-lambrecht,4,43.0,0.0,0.0
current,,42,Team Flanders - Baloise,team-flanders-baloise-2026,PRT,360.0,359.9,0.0,team/team-flanders-baloise-2026/results/uci-world-teams,https://www.procyclingstats.com/team/team-flanders-baloise-2026/results/uci-world-teams,2026-04-11T09:58:38.574751+00:00,False,2026,VANDENABEELE Henri,henri-vandenabeele,5,20.0,0.0,0.0
current,,42,Team Flanders - Baloise,team-flanders-baloise-2026,PRT,360.0,359.9,0.0,team/team-flanders-baloise-2026/results/uci-world-teams,https://www.procyclingstats.com/team/team-flanders-baloise-2026/results/uci-world-teams,2026-04-11T09:58:38.574751+00:00,False,2026,DEWEIRDT Siebe,siebe-deweirdt,6,14.7,0.0,0.0
current,,42,Team Flanders - Baloise,team-flanders-baloise-2026,PRT,360.0,359.9,0.0,team/team-flanders-baloise-2026/results/uci-world-teams,https://www.procyclingstats.com/team/team-flanders-baloise-2026/results/uci-world-teams,2026-04-11T09:58:38.574751+00:00,False,2026,VANHOOF Ward,ward-vanhoof,7,13.7,0.0,0.0
current,,42,Team Flanders - Baloise,team-flanders-baloise-2026,PRT,360.0,359.9,0.0,team/team-flanders-baloise-2026/results/uci-world-teams,https://www.procyclingstats.com/team/team-flanders-baloise-2026/results/uci-world-teams,2026-04-11T09:58:38.574751+00:00,False,2026,THONNON Senne,senne-thonnon,8,12.0,0.0,0.0
current,,42,Team Flanders - Baloise,team-flanders-baloise-2026,PRT,360.0,359.9,0.0,team/team-flanders-baloise-2026/results/uci-world-teams,https://www.procyclingstats.com/team/team-flanders-baloise-2026/results/uci-world-teams,2026-04-11T09:58:38.574751+00:00,False,2026,DEMAN Brem,brem-deman,9,9.7,0.0,0.0
current,,42,Team Flanders - Baloise,team-flanders-baloise-2026,PRT,360.0,359.9,0.0,team/team-flanders-baloise-2026/results/uci-world-teams,https://www.procyclingstats.com/team/team-flanders-baloise-2026/results/uci-world-teams,2026-04-11T09:58:38.574751+00:00,False,2026,VAN HAUTEGEM Leander,leander-van-hautegem,10,9.0,0.0,0.0
current,,42,Team Flanders - Baloise,team-flanders-baloise-2026,PRT,360.0,359.9,0.0,team/team-flanders-baloise-2026/results/uci-world-teams,https://www.procyclingstats.com/team/team-flanders-baloise-2026/results/uci-world-teams,2026-04-11T09:58:38.574751+00:00,False,2026,LANHOVE Milan,milan-lanhove,10,9.0,0.0,0.0
current,,42,Team Flanders - Baloise,team-flanders-baloise-2026,PRT,360.0,359.9,0.0,team/team-flanders-baloise-2026/results/uci-world-teams,https://www.procyclingstats.com/team/team-flanders-baloise-2026/results/uci-world-teams,2026-04-11T09:58:38.574751+00:00,False,2026,TORNEY Artuur,artuur-torney,12,3.7,0.0,0.0
current,,42,Team Flanders - Baloise,team-flanders-baloise-2026,PRT,360.0,359.9,0.0,team/team-flanders-baloise-2026/results/uci-world-teams,https://www.procyclingstats.com/team/team-flanders-baloise-2026/results/uci-world-teams,2026-04-11T09:58:38.574751+00:00,False,2026,HUYSMANS Nolan,nolan-huysmans,12,3.7,0.0,0.0
current,,42,Team Flanders - Baloise,team-flanders-baloise-2026,PRT,360.0,359.9,0.0,team/team-flanders-baloise-2026/results/uci-world-teams,https://www.procyclingstats.com/team/team-flanders-baloise-2026/results/uci-world-teams,2026-04-11T09:58:38.574751+00:00,False,2026,VANDENSTORME Dylan,dylan-vandenstorme,14,3.0,0.0,0.0
current,,42,Team Flanders - Baloise,team-flanders-baloise-2026,PRT,360.0,359.9,0.0,team/team-flanders-baloise-2026/results/uci-world-teams,https://www.procyclingstats.com/team/team-flanders-baloise-2026/results/uci-world-teams,2026-04-11T09:58:38.574751+00:00,False,2026,MARIS Elias,elias-maris,14,3.0,0.0,0.0
current,,42,Team Flanders - Baloise,team-flanders-baloise-2026,PRT,360.0,359.9,0.0,team/team-flanders-baloise-2026/results/uci-world-teams,https://www.procyclingstats.com/team/team-flanders-baloise-2026/results/uci-world-teams,2026-04-11T09:58:38.574751+00:00,False,2026,GEERAERTS Ferre,ferre-geeraerts,16,0.7,0.0,0.0
current,,42,Team Flanders - Baloise,team-flanders-baloise-2026,PRT,360.0,359.9,0.0,team/team-flanders-baloise-2026/results/uci-world-teams,https://www.procyclingstats.com/team/team-flanders-baloise-2026/results/uci-world-teams,2026-04-11T09:58:38.574751+00:00,False,2026,VERCOUILLIE Victor,victor-vercouillie,16,0.7,0.0,0.0
current,,160,Team Novo Nordisk,team-novo-nordisk-2026,PRT,3.0,3.0,0.0,team/team-novo-nordisk-2026/results/uci-world-teams,https://www.procyclingstats.com/team/team-novo-nordisk-2026/results/uci-world-teams,2026-04-11T09:58:38.574751+00:00,False,2026,RIDOLFO Filippo,filippo-ridolfo,1,3.0,0.0,0.0
